Tue Feb 14 00:00:33 2017,-1.562,-1.25,0.312,False
Tue Feb 14 00:01:33 2017,-1.625,-1.312,0.313,False
Tue Feb 14 00:02:33 2017,-1.562,-1.312,0.25,False
Tue Feb 14 00:03:33 2017,-1.562,-1.312,0.25,False
Tue Feb 14 00:04:33 2017,-1.625,-1.312,0.313,False
Tue Feb 14 00:05:33 2017,-1.625,-1.312,0.313,False
Tue Feb 14 00:06:33 2017,-1.625,-1.312,0.313,False
Tue Feb 14 00:07:34 2017,-1.625,-1.312,0.313,False
Tue Feb 14 00:08:34 2017,-1.625,-1.312,0.313,False
Tue Feb 14 00:09:34 2017,-1.625,-1.312,0.313,False
Tue Feb 14 00:10:34 2017,-1.625,-1.312,0.313,False
Tue Feb 14 00:11:34 2017,-1.625,-1.312,0.313,False
Tue Feb 14 00:12:34 2017,-1.625,-1.312,0.313,False
Tue Feb 14 00:13:34 2017,-1.625,-1.312,0.313,False
Tue Feb 14 00:14:34 2017,-1.625,-1.312,0.313,False
Tue Feb 14 00:15:34 2017,-1.625,-1.312,0.313,False
Tue Feb 14 00:16:34 2017,-1.625,-1.312,0.313,False
Tue Feb 14 00:17:34 2017,-1.625,-1.312,0.313,False
Tue Feb 14 00:18:34 2017,-1.687,-1.312,0.375,False
Tue Feb 14 00:19:34 2017,-1.625,-1.312,0.313,False
Tue Feb 14 00:20:34 2017,-1.625,-1.312,0.313,False
Tue Feb 14 00:21:34 2017,-1.625,-1.312,0.313,False
Tue Feb 14 00:22:34 2017,-1.625,-1.312,0.313,False
Tue Feb 14 00:23:34 2017,-1.625,-1.312,0.313,False
Tue Feb 14 00:24:34 2017,-1.625,-1.312,0.313,False
Tue Feb 14 00:25:34 2017,-1.625,-1.312,0.313,False
Tue Feb 14 00:26:34 2017,-1.625,-1.312,0.313,False
Tue Feb 14 00:27:34 2017,-1.625,-1.312,0.313,False
Tue Feb 14 00:28:34 2017,-1.625,-1.312,0.313,False
Tue Feb 14 00:29:34 2017,-1.625,-1.312,0.313,False
Tue Feb 14 00:30:34 2017,-1.625,-1.312,0.313,False
Tue Feb 14 00:31:34 2017,-1.625,-1.312,0.313,False
Tue Feb 14 00:32:34 2017,-1.625,-1.312,0.313,False
Tue Feb 14 00:33:34 2017,-1.625,-1.312,0.313,False
Tue Feb 14 00:34:34 2017,-1.625,-1.312,0.313,False
Tue Feb 14 00:35:34 2017,-1.625,-1.312,0.313,False
Tue Feb 14 00:36:34 2017,-1.687,-1.312,0.375,False
Tue Feb 14 00:37:34 2017,-1.687,-1.312,0.375,False
Tue Feb 14 00:38:34 2017,-1.687,-1.312,0.375,False
Tue Feb 14 00:39:34 2017,-1.687,-1.312,0.375,False
Tue Feb 14 00:40:34 2017,-1.687,-1.312,0.375,False
Tue Feb 14 00:41:34 2017,-1.687,-1.312,0.375,False
Tue Feb 14 00:42:34 2017,-1.687,-1.312,0.375,False
Tue Feb 14 00:43:35 2017,-1.687,-1.375,0.312,False
Tue Feb 14 00:44:35 2017,-1.687,-1.375,0.312,False
Tue Feb 14 00:45:35 2017,-1.687,-1.375,0.312,False
Tue Feb 14 00:46:35 2017,-1.687,-1.375,0.312,False
Tue Feb 14 00:47:35 2017,-1.687,-1.312,0.375,False
Tue Feb 14 00:48:35 2017,-1.687,-1.312,0.375,False
Tue Feb 14 00:49:35 2017,-1.687,-1.312,0.375,False
Tue Feb 14 00:50:35 2017,-1.687,-1.312,0.375,False
Tue Feb 14 00:51:35 2017,-1.687,-1.375,0.312,False
Tue Feb 14 00:52:35 2017,-1.687,-1.375,0.312,False
Tue Feb 14 00:53:35 2017,-1.687,-1.375,0.312,False
Tue Feb 14 00:54:35 2017,-1.687,-1.375,0.312,False
Tue Feb 14 00:55:35 2017,-1.687,-1.375,0.312,False
Tue Feb 14 00:56:35 2017,-1.687,-1.375,0.312,False
Tue Feb 14 00:57:35 2017,-1.687,-1.375,0.312,False
Tue Feb 14 00:58:35 2017,-1.687,-1.375,0.312,False
Tue Feb 14 00:59:35 2017,-1.687,-1.375,0.312,False
Tue Feb 14 01:00:35 2017,-1.687,-1.375,0.312,False
Tue Feb 14 01:01:35 2017,-1.687,-1.375,0.312,False
Tue Feb 14 01:02:35 2017,-1.687,-1.375,0.312,False
Tue Feb 14 01:03:35 2017,-1.75,-1.375,0.375,False
Tue Feb 14 01:04:35 2017,-1.75,-1.375,0.375,False
Tue Feb 14 01:05:35 2017,-1.687,-1.437,0.25,False
Tue Feb 14 01:06:35 2017,-1.75,-1.437,0.313,False
Tue Feb 14 01:07:35 2017,-1.75,-1.437,0.313,False
Tue Feb 14 01:08:35 2017,-1.75,-1.375,0.375,False
Tue Feb 14 01:09:35 2017,-1.75,-1.375,0.375,False
Tue Feb 14 01:10:35 2017,-1.75,-1.437,0.313,False
Tue Feb 14 01:11:35 2017,-1.75,-1.437,0.313,False
Tue Feb 14 01:12:35 2017,-1.75,-1.437,0.313,False
Tue Feb 14 01:13:35 2017,-1.75,-1.437,0.313,False
Tue Feb 14 01:14:35 2017,-1.75,-1.437,0.313,False
Tue Feb 14 01:15:35 2017,-1.75,-1.437,0.313,False
Tue Feb 14 01:16:35 2017,-1.812,-1.437,0.375,False
Tue Feb 14 01:17:35 2017,-1.75,-1.437,0.313,False
Tue Feb 14 01:18:35 2017,-1.75,-1.437,0.313,False
Tue Feb 14 01:19:35 2017,-1.75,-1.437,0.313,False
Tue Feb 14 01:20:35 2017,-1.75,-1.437,0.313,False
Tue Feb 14 01:21:35 2017,-1.75,-1.437,0.313,False
Tue Feb 14 01:22:35 2017,-1.75,-1.437,0.313,False
Tue Feb 14 01:23:35 2017,-1.75,-1.437,0.313,False
Tue Feb 14 01:24:35 2017,-1.75,-1.437,0.313,False
Tue Feb 14 01:25:35 2017,-1.812,-1.437,0.375,False
Tue Feb 14 01:26:35 2017,-1.75,-1.437,0.313,False
Tue Feb 14 01:27:35 2017,-1.812,-1.437,0.375,False
Tue Feb 14 01:28:35 2017,-1.812,-1.437,0.375,False
Tue Feb 14 01:29:35 2017,-1.812,-1.437,0.375,False
Tue Feb 14 01:30:35 2017,-1.812,-1.437,0.375,False
Tue Feb 14 01:31:35 2017,-1.812,-1.437,0.375,False
Tue Feb 14 01:32:36 2017,-1.812,-1.437,0.375,False
Tue Feb 14 01:33:36 2017,-1.812,-1.437,0.375,False
Tue Feb 14 01:34:36 2017,-1.812,-1.437,0.375,False
Tue Feb 14 01:35:36 2017,-1.812,-1.437,0.375,False
Tue Feb 14 01:36:36 2017,-1.812,-1.437,0.375,False
Tue Feb 14 01:37:36 2017,-1.812,-1.437,0.375,False
Tue Feb 14 01:38:36 2017,-1.812,-1.437,0.375,False
Tue Feb 14 01:39:36 2017,-1.812,-1.437,0.375,False
Tue Feb 14 01:40:36 2017,-1.812,-1.437,0.375,False
Tue Feb 14 01:41:36 2017,-1.812,-1.5,0.312,False
Tue Feb 14 01:42:36 2017,-1.812,-1.437,0.375,False
Tue Feb 14 01:43:36 2017,-1.812,-1.437,0.375,False
Tue Feb 14 01:44:36 2017,-1.812,-1.437,0.375,False
Tue Feb 14 01:45:36 2017,-1.812,-1.5,0.312,False
Tue Feb 14 01:46:36 2017,-1.812,-1.5,0.312,False
Tue Feb 14 01:47:36 2017,-1.812,-1.5,0.312,False
Tue Feb 14 01:48:36 2017,-1.812,-1.5,0.312,False
Tue Feb 14 01:49:36 2017,-1.875,-1.5,0.375,False
Tue Feb 14 01:50:36 2017,-1.812,-1.5,0.312,False
Tue Feb 14 01:51:36 2017,-1.812,-1.5,0.312,False
Tue Feb 14 01:52:36 2017,-1.812,-1.5,0.312,False
Tue Feb 14 01:53:36 2017,-1.875,-1.5,0.375,False
Tue Feb 14 01:54:36 2017,-1.875,-1.5,0.375,False
Tue Feb 14 01:55:36 2017,-1.875,-1.562,0.313,False
Tue Feb 14 01:56:36 2017,-1.875,-1.562,0.313,False
Tue Feb 14 01:57:36 2017,-1.875,-1.5,0.375,False
Tue Feb 14 01:58:36 2017,-1.875,-1.5,0.375,False
Tue Feb 14 01:59:36 2017,-1.875,-1.5,0.375,False
Tue Feb 14 02:00:36 2017,-1.875,-1.5,0.375,False
Tue Feb 14 02:01:36 2017,-1.875,-1.562,0.313,False
Tue Feb 14 02:02:36 2017,-1.875,-1.562,0.313,False
Tue Feb 14 02:03:36 2017,-1.875,-1.562,0.313,False
Tue Feb 14 02:04:36 2017,-1.875,-1.562,0.313,False
Tue Feb 14 02:05:36 2017,-1.875,-1.5,0.375,False
Tue Feb 14 02:06:36 2017,-1.875,-1.562,0.313,False
Tue Feb 14 02:07:36 2017,-1.875,-1.5,0.375,False
Tue Feb 14 02:08:36 2017,-1.875,-1.562,0.313,False
Tue Feb 14 02:09:36 2017,-1.875,-1.562,0.313,False
Tue Feb 14 02:10:37 2017,-1.875,-1.562,0.313,False
Tue Feb 14 02:11:37 2017,-1.875,-1.562,0.313,False
Tue Feb 14 02:12:37 2017,-1.937,-1.562,0.375,False
Tue Feb 14 02:13:37 2017,-1.937,-1.562,0.375,False
Tue Feb 14 02:14:37 2017,-1.875,-1.562,0.313,False
Tue Feb 14 02:15:37 2017,-1.937,-1.562,0.375,False
Tue Feb 14 02:16:37 2017,-1.937,-1.562,0.375,False
Tue Feb 14 02:17:37 2017,-1.875,-1.562,0.313,False
Tue Feb 14 02:18:37 2017,-1.937,-1.562,0.375,False
Tue Feb 14 02:19:37 2017,-1.937,-1.625,0.312,False
Tue Feb 14 02:20:37 2017,-1.937,-1.562,0.375,False
Tue Feb 14 02:21:37 2017,-1.937,-1.562,0.375,False
Tue Feb 14 02:22:37 2017,-1.937,-1.562,0.375,False
Tue Feb 14 02:23:37 2017,-1.937,-1.625,0.312,False
Tue Feb 14 02:24:37 2017,-1.937,-1.625,0.312,False
Tue Feb 14 02:25:37 2017,-1.937,-1.625,0.312,False
Tue Feb 14 02:26:37 2017,-1.937,-1.562,0.375,False
Tue Feb 14 02:27:37 2017,-1.937,-1.625,0.312,False
Tue Feb 14 02:28:37 2017,-1.937,-1.625,0.312,False
Tue Feb 14 02:29:37 2017,-1.937,-1.625,0.312,False
Tue Feb 14 02:30:37 2017,-1.937,-1.625,0.312,False
Tue Feb 14 02:31:37 2017,-1.937,-1.625,0.312,False
Tue Feb 14 02:32:37 2017,-1.937,-1.625,0.312,False
Tue Feb 14 02:33:37 2017,-1.937,-1.625,0.312,False
Tue Feb 14 02:34:37 2017,-2.0,-1.625,0.375,False
Tue Feb 14 02:35:37 2017,-1.937,-1.625,0.312,False
Tue Feb 14 02:36:37 2017,-2.0,-1.625,0.375,False
Tue Feb 14 02:37:37 2017,-2.0,-1.625,0.375,False
Tue Feb 14 02:38:37 2017,-2.0,-1.625,0.375,False
Tue Feb 14 02:39:37 2017,-2.0,-1.625,0.375,False
Tue Feb 14 02:40:37 2017,-2.0,-1.625,0.375,False
Tue Feb 14 02:41:37 2017,-2.0,-1.625,0.375,False
Tue Feb 14 02:42:37 2017,-2.0,-1.625,0.375,False
Tue Feb 14 02:43:37 2017,-2.0,-1.625,0.375,False
Tue Feb 14 02:44:37 2017,-2.0,-1.625,0.375,False
Tue Feb 14 02:45:37 2017,-2.0,-1.625,0.375,False
Tue Feb 14 02:46:37 2017,-2.0,-1.687,0.313,False
Tue Feb 14 02:47:38 2017,-2.0,-1.625,0.375,False
Tue Feb 14 02:48:38 2017,-2.0,-1.687,0.313,False
Tue Feb 14 02:49:38 2017,-2.0,-1.625,0.375,False
Tue Feb 14 02:50:38 2017,-2.0,-1.687,0.313,False
Tue Feb 14 02:51:38 2017,-2.062,-1.687,0.375,False
Tue Feb 14 02:52:38 2017,-2.0,-1.687,0.313,False
Tue Feb 14 02:53:38 2017,-2.062,-1.687,0.375,False
Tue Feb 14 02:54:38 2017,-2.0,-1.687,0.313,False
Tue Feb 14 02:55:38 2017,-2.0,-1.687,0.313,False
Tue Feb 14 02:56:38 2017,-2.062,-1.687,0.375,False
Tue Feb 14 02:57:38 2017,-2.062,-1.687,0.375,False
Tue Feb 14 02:58:38 2017,-2.0,-1.687,0.313,False
Tue Feb 14 02:59:38 2017,-2.0,-1.687,0.313,False
Tue Feb 14 03:00:38 2017,-2.062,-1.687,0.375,False
Tue Feb 14 03:01:38 2017,-2.062,-1.687,0.375,False
Tue Feb 14 03:02:38 2017,-2.062,-1.687,0.375,False
Tue Feb 14 03:03:38 2017,-2.062,-1.687,0.375,False
Tue Feb 14 03:04:38 2017,-2.062,-1.687,0.375,False
Tue Feb 14 03:05:38 2017,-2.062,-1.687,0.375,False
Tue Feb 14 03:06:38 2017,-2.062,-1.687,0.375,False
Tue Feb 14 03:07:38 2017,-2.062,-1.687,0.375,False
Tue Feb 14 03:08:38 2017,-2.062,-1.687,0.375,False
Tue Feb 14 03:09:38 2017,-2.062,-1.687,0.375,False
Tue Feb 14 03:10:38 2017,-2.062,-1.687,0.375,False
Tue Feb 14 03:11:38 2017,-2.062,-1.687,0.375,False
Tue Feb 14 03:12:38 2017,-2.062,-1.687,0.375,False
Tue Feb 14 03:13:38 2017,-2.062,-1.687,0.375,False
Tue Feb 14 03:14:38 2017,-2.062,-1.687,0.375,False
Tue Feb 14 03:15:38 2017,-2.062,-1.75,0.312,False
Tue Feb 14 03:16:38 2017,-2.062,-1.687,0.375,False
Tue Feb 14 03:17:38 2017,-2.125,-1.75,0.375,False
Tue Feb 14 03:18:38 2017,-2.062,-1.75,0.312,False
Tue Feb 14 03:19:38 2017,-2.125,-1.75,0.375,False
Tue Feb 14 03:20:38 2017,-2.125,-1.75,0.375,False
Tue Feb 14 03:21:38 2017,-2.062,-1.75,0.312,False
Tue Feb 14 03:22:38 2017,-2.125,-1.75,0.375,False
Tue Feb 14 03:23:38 2017,-2.062,-1.75,0.312,False
Tue Feb 14 03:24:38 2017,-2.125,-1.75,0.375,False
Tue Feb 14 03:25:38 2017,-2.062,-1.75,0.312,False
Tue Feb 14 03:26:38 2017,-2.125,-1.75,0.375,False
Tue Feb 14 03:27:38 2017,-2.125,-1.75,0.375,False
Tue Feb 14 03:28:38 2017,-2.125,-1.75,0.375,False
Tue Feb 14 03:29:38 2017,-2.125,-1.75,0.375,False
Tue Feb 14 03:30:38 2017,-2.125,-1.812,0.313,False
Tue Feb 14 03:31:39 2017,-2.125,-1.75,0.375,False
Tue Feb 14 03:32:39 2017,-2.125,-1.75,0.375,False
Tue Feb 14 03:33:39 2017,-2.125,-1.75,0.375,False
Tue Feb 14 03:34:39 2017,-2.125,-1.75,0.375,False
Tue Feb 14 03:35:39 2017,-2.125,-1.75,0.375,False
Tue Feb 14 03:36:39 2017,-2.125,-1.75,0.375,False
Tue Feb 14 03:37:39 2017,-2.125,-1.75,0.375,False
Tue Feb 14 03:38:39 2017,-2.187,-1.812,0.375,False
Tue Feb 14 03:39:39 2017,-2.187,-1.75,0.437,False
Tue Feb 14 03:40:39 2017,-2.187,-1.75,0.437,False
Tue Feb 14 03:41:39 2017,-2.187,-1.812,0.375,False
Tue Feb 14 03:42:39 2017,-2.125,-1.75,0.375,False
Tue Feb 14 03:43:39 2017,-2.187,-1.812,0.375,False
Tue Feb 14 03:44:39 2017,-2.187,-1.812,0.375,False
Tue Feb 14 03:45:39 2017,-2.187,-1.812,0.375,False
Tue Feb 14 03:46:39 2017,-2.187,-1.812,0.375,False
Tue Feb 14 03:47:39 2017,-2.187,-1.812,0.375,False
Tue Feb 14 03:48:39 2017,-2.187,-1.812,0.375,False
Tue Feb 14 03:49:39 2017,-2.187,-1.812,0.375,False
Tue Feb 14 03:50:39 2017,-2.187,-1.812,0.375,False
Tue Feb 14 03:51:39 2017,-2.187,-1.812,0.375,False
Tue Feb 14 03:52:39 2017,-2.187,-1.812,0.375,False
Tue Feb 14 03:53:39 2017,-2.187,-1.812,0.375,False
Tue Feb 14 03:54:39 2017,-2.187,-1.812,0.375,False
Tue Feb 14 03:55:39 2017,-2.187,-1.812,0.375,False
Tue Feb 14 03:56:39 2017,-2.187,-1.812,0.375,False
Tue Feb 14 03:57:39 2017,-2.187,-1.812,0.375,False
Tue Feb 14 03:58:39 2017,-2.187,-1.812,0.375,False
Tue Feb 14 03:59:39 2017,-2.187,-1.812,0.375,False
Tue Feb 14 04:00:39 2017,-2.187,-1.812,0.375,False
Tue Feb 14 04:01:39 2017,-2.187,-1.812,0.375,False
Tue Feb 14 04:02:39 2017,-2.187,-1.812,0.375,False
Tue Feb 14 04:03:39 2017,-2.187,-1.875,0.312,False
Tue Feb 14 04:04:39 2017,-2.187,-1.875,0.312,False
Tue Feb 14 04:05:39 2017,-2.25,-1.812,0.438,False
Tue Feb 14 04:06:39 2017,-2.25,-1.812,0.438,False
Tue Feb 14 04:07:39 2017,-2.25,-1.875,0.375,False
Tue Feb 14 04:08:39 2017,-2.25,-1.875,0.375,False
Tue Feb 14 04:09:39 2017,-2.187,-1.812,0.375,False
Tue Feb 14 04:10:39 2017,-2.187,-1.875,0.312,False
Tue Feb 14 04:11:39 2017,-2.25,-1.875,0.375,False
Tue Feb 14 04:12:39 2017,-2.25,-1.875,0.375,False
Tue Feb 14 04:13:40 2017,-2.187,-1.875,0.312,False
Tue Feb 14 04:14:40 2017,-2.187,-1.875,0.312,False
Tue Feb 14 04:15:40 2017,-2.187,-1.875,0.312,False
Tue Feb 14 04:16:40 2017,-2.25,-1.875,0.375,False
Tue Feb 14 04:17:40 2017,-2.25,-1.875,0.375,False
Tue Feb 14 04:18:40 2017,-2.25,-1.875,0.375,False
Tue Feb 14 04:19:40 2017,-2.25,-1.875,0.375,False
Tue Feb 14 04:20:40 2017,-2.25,-1.875,0.375,False
Tue Feb 14 04:21:40 2017,-2.25,-1.875,0.375,False
Tue Feb 14 04:22:40 2017,-2.25,-1.875,0.375,False
Tue Feb 14 04:23:40 2017,-2.25,-1.875,0.375,False
Tue Feb 14 04:24:40 2017,-2.25,-1.875,0.375,False
Tue Feb 14 04:25:40 2017,-2.25,-1.875,0.375,False
Tue Feb 14 04:26:40 2017,-2.25,-1.875,0.375,False
Tue Feb 14 04:27:40 2017,-2.312,-1.875,0.437,False
Tue Feb 14 04:28:40 2017,-2.25,-1.875,0.375,False
Tue Feb 14 04:29:40 2017,-2.25,-1.937,0.313,False
Tue Feb 14 04:30:40 2017,-2.25,-1.937,0.313,False
Tue Feb 14 04:31:40 2017,-2.25,-1.937,0.313,False
Tue Feb 14 04:32:40 2017,-2.25,-1.875,0.375,False
Tue Feb 14 04:33:40 2017,-2.25,-1.875,0.375,False
Tue Feb 14 04:34:40 2017,-2.312,-1.875,0.437,False
Tue Feb 14 04:35:40 2017,-2.25,-1.937,0.313,False
Tue Feb 14 04:36:40 2017,-2.312,-1.875,0.437,False
Tue Feb 14 04:37:40 2017,-2.312,-1.937,0.375,False
Tue Feb 14 04:38:40 2017,-2.312,-1.937,0.375,False
Tue Feb 14 04:39:40 2017,-2.312,-1.937,0.375,False
Tue Feb 14 04:40:40 2017,-2.312,-1.937,0.375,False
Tue Feb 14 04:41:40 2017,-2.312,-1.937,0.375,False
Tue Feb 14 04:42:40 2017,-2.312,-1.937,0.375,False
Tue Feb 14 04:43:40 2017,-2.312,-1.937,0.375,False
Tue Feb 14 04:44:40 2017,-2.312,-1.937,0.375,False
Tue Feb 14 04:45:40 2017,-2.312,-1.937,0.375,False
Tue Feb 14 04:46:40 2017,-2.375,-1.937,0.438,False
Tue Feb 14 04:47:40 2017,-2.312,-1.937,0.375,False
Tue Feb 14 04:48:40 2017,-2.312,-1.937,0.375,False
Tue Feb 14 04:49:40 2017,-2.375,-1.937,0.438,False
Tue Feb 14 04:50:40 2017,-2.312,-1.937,0.375,False
Tue Feb 14 04:51:40 2017,-2.312,-1.937,0.375,False
Tue Feb 14 04:52:40 2017,-2.312,-1.937,0.375,False
Tue Feb 14 04:53:40 2017,-2.312,-1.937,0.375,False
Tue Feb 14 04:54:40 2017,-2.312,-2.0,0.312,False
Tue Feb 14 04:55:40 2017,-2.312,-1.937,0.375,False
Tue Feb 14 04:56:40 2017,-2.312,-1.937,0.375,False
Tue Feb 14 04:57:40 2017,-2.312,-2.0,0.312,False
Tue Feb 14 04:58:41 2017,-2.375,-2.0,0.375,False
Tue Feb 14 04:59:41 2017,-2.312,-1.937,0.375,False
Tue Feb 14 05:00:41 2017,-2.375,-2.0,0.375,False
Tue Feb 14 05:01:41 2017,-2.375,-2.0,0.375,False
Tue Feb 14 05:02:41 2017,-2.375,-2.0,0.375,False
Tue Feb 14 05:03:41 2017,-2.375,-2.0,0.375,False
Tue Feb 14 05:04:41 2017,-2.375,-2.0,0.375,False
Tue Feb 14 05:05:41 2017,-2.375,-2.0,0.375,False
Tue Feb 14 05:06:41 2017,-2.375,-2.0,0.375,False
Tue Feb 14 05:07:41 2017,-2.375,-2.0,0.375,False
Tue Feb 14 05:08:41 2017,-2.375,-2.0,0.375,False
Tue Feb 14 05:09:41 2017,-2.375,-2.0,0.375,False
Tue Feb 14 05:10:41 2017,-2.375,-2.0,0.375,False
Tue Feb 14 05:11:41 2017,-2.375,-2.0,0.375,False
Tue Feb 14 05:12:41 2017,-2.375,-2.0,0.375,False
Tue Feb 14 05:13:41 2017,-2.375,-2.0,0.375,False
Tue Feb 14 05:14:41 2017,-2.437,-2.0,0.437,False
Tue Feb 14 05:15:41 2017,-2.437,-2.0,0.437,False
Tue Feb 14 05:16:41 2017,-2.375,-2.062,0.313,False
Tue Feb 14 05:17:41 2017,-2.437,-2.062,0.375,False
Tue Feb 14 05:18:41 2017,-2.437,-2.0,0.437,False
Tue Feb 14 05:19:41 2017,-2.437,-2.0,0.437,False
Tue Feb 14 05:20:41 2017,-2.437,-2.062,0.375,False
Tue Feb 14 05:21:41 2017,-2.437,-2.0,0.437,False
Tue Feb 14 05:22:41 2017,-2.437,-2.062,0.375,False
Tue Feb 14 05:23:41 2017,-2.437,-2.062,0.375,False
Tue Feb 14 05:24:41 2017,-2.437,-2.062,0.375,False
Tue Feb 14 05:25:41 2017,-2.437,-2.062,0.375,False
Tue Feb 14 05:26:41 2017,-2.437,-2.062,0.375,False
Tue Feb 14 05:27:41 2017,-2.437,-2.062,0.375,False
Tue Feb 14 05:28:41 2017,-2.437,-2.0,0.437,False
Tue Feb 14 05:29:41 2017,-2.437,-2.062,0.375,False
Tue Feb 14 05:30:41 2017,-2.437,-2.062,0.375,False
Tue Feb 14 05:31:41 2017,-2.437,-2.062,0.375,False
Tue Feb 14 05:32:41 2017,-2.437,-2.0,0.437,False
Tue Feb 14 05:33:42 2017,-2.437,-2.062,0.375,False
Tue Feb 14 05:34:42 2017,-2.437,-2.062,0.375,False
Tue Feb 14 05:35:42 2017,-2.437,-2.062,0.375,False
Tue Feb 14 05:36:42 2017,-2.437,-2.062,0.375,False
Tue Feb 14 05:37:42 2017,-2.437,-2.062,0.375,False
Tue Feb 14 05:38:42 2017,-2.437,-2.062,0.375,False
Tue Feb 14 05:39:42 2017,-2.437,-2.062,0.375,False
Tue Feb 14 05:40:42 2017,-2.437,-2.062,0.375,False
Tue Feb 14 05:41:42 2017,-2.437,-2.062,0.375,False
Tue Feb 14 05:42:42 2017,-2.437,-2.062,0.375,False
Tue Feb 14 05:43:42 2017,-2.5,-2.062,0.438,False
Tue Feb 14 05:44:42 2017,-2.437,-2.062,0.375,False
Tue Feb 14 05:45:42 2017,-2.437,-2.062,0.375,False
Tue Feb 14 05:46:42 2017,-2.437,-2.062,0.375,False
Tue Feb 14 05:47:42 2017,-2.5,-2.062,0.438,False
Tue Feb 14 05:48:42 2017,-2.437,-2.062,0.375,False
Tue Feb 14 05:49:42 2017,-2.5,-2.062,0.438,False
Tue Feb 14 05:50:42 2017,-2.5,-2.062,0.438,False
Tue Feb 14 05:51:42 2017,-2.5,-2.062,0.438,False
Tue Feb 14 05:52:42 2017,-2.5,-2.062,0.438,False
Tue Feb 14 05:53:42 2017,-2.5,-2.062,0.438,False
Tue Feb 14 05:54:42 2017,-2.5,-2.062,0.438,False
Tue Feb 14 05:55:42 2017,-2.562,-2.062,0.5,False
Tue Feb 14 05:56:42 2017,-2.562,-2.062,0.5,False
Tue Feb 14 05:57:42 2017,-2.5,-2.062,0.438,False
Tue Feb 14 05:58:42 2017,-2.5,-2.062,0.438,False
Tue Feb 14 05:59:42 2017,-2.5,-2.062,0.438,False
Tue Feb 14 06:00:42 2017,-2.5,-2.125,0.375,False
Tue Feb 14 06:01:42 2017,-2.562,-2.125,0.437,False
Tue Feb 14 06:02:42 2017,-2.5,-2.125,0.375,False
Tue Feb 14 06:03:42 2017,-2.5,-2.125,0.375,False
Tue Feb 14 06:04:42 2017,-2.5,-2.125,0.375,False
Tue Feb 14 06:05:42 2017,-2.5,-2.125,0.375,False
Tue Feb 14 06:06:42 2017,-2.562,-2.125,0.437,False
Tue Feb 14 06:07:42 2017,-2.5,-2.125,0.375,False
Tue Feb 14 06:08:42 2017,-2.5,-2.125,0.375,False
Tue Feb 14 06:09:42 2017,-2.5,-2.125,0.375,False
Tue Feb 14 06:10:42 2017,-2.5,-2.125,0.375,False
Tue Feb 14 06:11:42 2017,-2.5,-2.125,0.375,False
Tue Feb 14 06:12:42 2017,-2.562,-2.125,0.437,False
Tue Feb 14 06:13:42 2017,-2.5,-2.125,0.375,False
Tue Feb 14 06:14:42 2017,-2.562,-2.125,0.437,False
Tue Feb 14 06:15:43 2017,-2.562,-2.125,0.437,False
Tue Feb 14 06:16:43 2017,-2.562,-2.125,0.437,False
Tue Feb 14 06:17:43 2017,-2.562,-2.125,0.437,False
Tue Feb 14 06:18:43 2017,-2.562,-2.125,0.437,False
Tue Feb 14 06:19:43 2017,-2.562,-2.125,0.437,False
Tue Feb 14 06:20:43 2017,-2.562,-2.125,0.437,False
Tue Feb 14 06:21:43 2017,-2.562,-2.125,0.437,False
Tue Feb 14 06:22:43 2017,-2.562,-2.125,0.437,False
Tue Feb 14 06:23:43 2017,-2.625,-2.125,0.5,False
Tue Feb 14 06:24:43 2017,-2.562,-2.125,0.437,False
Tue Feb 14 06:25:43 2017,-2.625,-2.125,0.5,False
Tue Feb 14 06:26:43 2017,-2.625,-2.125,0.5,False
Tue Feb 14 06:27:43 2017,-2.562,-2.125,0.437,False
Tue Feb 14 06:28:43 2017,-2.625,-2.125,0.5,False
Tue Feb 14 06:29:43 2017,-2.625,-2.125,0.5,False
Tue Feb 14 06:30:43 2017,-2.625,-2.125,0.5,False
Tue Feb 14 06:31:43 2017,-2.625,-2.125,0.5,False
Tue Feb 14 06:32:43 2017,-2.625,-2.125,0.5,False
Tue Feb 14 06:33:43 2017,-2.625,-2.125,0.5,False
Tue Feb 14 06:34:43 2017,-2.625,-2.125,0.5,False
Tue Feb 14 06:35:43 2017,-2.625,-2.125,0.5,False
Tue Feb 14 06:36:43 2017,-2.625,-2.125,0.5,False
Tue Feb 14 06:37:43 2017,-2.625,-2.125,0.5,False
Tue Feb 14 06:38:43 2017,-2.625,-2.125,0.5,False
Tue Feb 14 06:39:43 2017,-2.625,-2.125,0.5,False
Tue Feb 14 06:40:43 2017,-2.625,-2.125,0.5,False
Tue Feb 14 06:41:43 2017,-2.625,-2.125,0.5,False
Tue Feb 14 06:42:43 2017,-2.625,-2.125,0.5,False
Tue Feb 14 06:43:43 2017,-2.687,-2.125,0.562,False
Tue Feb 14 06:44:43 2017,-2.625,-2.125,0.5,False
Tue Feb 14 06:45:43 2017,-2.625,-2.187,0.438,False
Tue Feb 14 06:46:44 2017,-2.625,-2.125,0.5,False
Tue Feb 14 06:47:44 2017,-2.687,-2.125,0.562,False
Tue Feb 14 06:48:44 2017,-2.625,-2.125,0.5,False
Tue Feb 14 06:49:44 2017,-2.625,-2.125,0.5,False
Tue Feb 14 06:50:44 2017,-2.687,-2.125,0.562,False
Tue Feb 14 06:51:44 2017,-2.687,-2.187,0.5,False
Tue Feb 14 06:52:44 2017,-2.687,-2.125,0.562,False
Tue Feb 14 06:53:44 2017,-2.687,-2.187,0.5,False
Tue Feb 14 06:54:44 2017,-2.687,-2.187,0.5,False
Tue Feb 14 06:55:44 2017,-2.687,-2.187,0.5,False
Tue Feb 14 06:56:44 2017,-2.687,-2.187,0.5,False
Tue Feb 14 06:57:44 2017,-2.687,-2.187,0.5,False
Tue Feb 14 06:58:44 2017,-2.687,-2.187,0.5,False
Tue Feb 14 06:59:44 2017,-2.687,-2.187,0.5,False
Tue Feb 14 07:00:44 2017,-2.687,-2.187,0.5,False
Tue Feb 14 07:01:44 2017,-2.687,-2.187,0.5,False
Tue Feb 14 07:02:44 2017,-2.687,-2.187,0.5,False
Tue Feb 14 07:03:44 2017,-2.687,-2.187,0.5,False
Tue Feb 14 07:04:44 2017,-2.687,-2.187,0.5,False
Tue Feb 14 07:05:44 2017,-2.687,-2.187,0.5,False
Tue Feb 14 07:06:44 2017,-2.687,-2.187,0.5,False
Tue Feb 14 07:07:44 2017,-2.687,-2.187,0.5,False
Tue Feb 14 07:08:44 2017,-2.687,-2.187,0.5,False
Tue Feb 14 07:09:44 2017,-2.687,-2.125,0.562,False
Tue Feb 14 07:10:44 2017,-2.687,-2.125,0.562,False
Tue Feb 14 07:11:44 2017,-2.687,-2.187,0.5,False
Tue Feb 14 07:12:44 2017,-2.687,-2.187,0.5,False
Tue Feb 14 07:13:44 2017,-2.687,-2.187,0.5,False
Tue Feb 14 07:14:44 2017,-2.687,-2.187,0.5,False
Tue Feb 14 07:15:44 2017,-2.687,-2.187,0.5,False
Tue Feb 14 07:16:44 2017,-2.687,-2.187,0.5,False
Tue Feb 14 07:17:44 2017,-2.687,-2.187,0.5,False
Tue Feb 14 07:18:44 2017,-2.687,-2.187,0.5,False
Tue Feb 14 07:19:44 2017,-2.75,-2.187,0.563,False
Tue Feb 14 07:20:44 2017,-2.687,-2.187,0.5,False
Tue Feb 14 07:21:45 2017,-2.687,-2.187,0.5,False
Tue Feb 14 07:22:45 2017,-2.75,-2.187,0.563,False
Tue Feb 14 07:23:45 2017,-2.75,-2.187,0.563,False
Tue Feb 14 07:24:45 2017,-2.75,-2.187,0.563,False
Tue Feb 14 07:25:45 2017,-2.75,-2.187,0.563,False
Tue Feb 14 07:26:45 2017,-2.75,-2.187,0.563,False
Tue Feb 14 07:27:45 2017,-2.75,-2.125,0.625,False
Tue Feb 14 07:28:45 2017,-2.75,-2.187,0.563,False
Tue Feb 14 07:29:45 2017,-2.75,-2.187,0.563,False
Tue Feb 14 07:30:45 2017,-2.687,-2.125,0.562,False
Tue Feb 14 07:31:45 2017,-2.75,-2.187,0.563,False
Tue Feb 14 07:32:45 2017,-2.75,-2.125,0.625,False
Tue Feb 14 07:33:45 2017,-2.75,-2.187,0.563,False
Tue Feb 14 07:34:45 2017,-2.75,-2.187,0.563,False
Tue Feb 14 07:35:45 2017,-2.75,-2.187,0.563,False
Tue Feb 14 07:36:45 2017,-2.75,-2.187,0.563,False
Tue Feb 14 07:37:45 2017,-2.75,-2.187,0.563,False
Tue Feb 14 07:38:45 2017,-2.75,-2.187,0.563,False
Tue Feb 14 07:39:45 2017,-2.75,-2.187,0.563,False
Tue Feb 14 07:40:45 2017,-2.75,-2.187,0.563,False
Tue Feb 14 07:41:45 2017,-2.812,-2.187,0.625,False
Tue Feb 14 07:42:45 2017,-2.812,-2.187,0.625,False
Tue Feb 14 07:43:45 2017,-2.812,-2.187,0.625,False
Tue Feb 14 07:44:45 2017,-2.812,-2.187,0.625,False
Tue Feb 14 07:45:45 2017,-2.812,-2.187,0.625,False
Tue Feb 14 07:46:45 2017,-2.812,-2.187,0.625,False
Tue Feb 14 07:47:45 2017,-2.812,-2.187,0.625,False
Tue Feb 14 07:48:45 2017,-2.875,-2.187,0.688,False
Tue Feb 14 07:49:45 2017,-2.812,-2.125,0.687,False
Tue Feb 14 07:50:45 2017,-2.812,-2.187,0.625,False
Tue Feb 14 07:51:45 2017,-2.812,-2.187,0.625,False
Tue Feb 14 07:52:45 2017,-2.812,-2.187,0.625,False
Tue Feb 14 07:53:45 2017,-2.812,-2.187,0.625,False
Tue Feb 14 07:54:45 2017,-2.812,-2.187,0.625,False
Tue Feb 14 07:55:45 2017,-2.875,-2.187,0.688,False
Tue Feb 14 07:56:45 2017,-2.812,-2.187,0.625,False
Tue Feb 14 07:57:45 2017,-2.812,-2.187,0.625,False
Tue Feb 14 07:58:45 2017,-2.812,-2.187,0.625,False
Tue Feb 14 07:59:45 2017,-2.812,-2.187,0.625,False
Tue Feb 14 08:00:45 2017,-2.812,-2.187,0.625,False
Tue Feb 14 08:01:46 2017,-2.75,-2.187,0.563,False
Tue Feb 14 08:02:46 2017,-2.75,-2.187,0.563,False
Tue Feb 14 08:03:46 2017,-2.75,-2.187,0.563,False
Tue Feb 14 08:04:46 2017,-2.687,-2.187,0.5,False
Tue Feb 14 08:05:46 2017,-2.687,-2.187,0.5,False
Tue Feb 14 08:06:46 2017,-2.625,-2.187,0.438,False
Tue Feb 14 08:07:46 2017,-2.625,-2.187,0.438,False
Tue Feb 14 08:08:46 2017,-2.562,-2.187,0.375,False
Tue Feb 14 08:09:46 2017,-2.5,-2.187,0.313,False
Tue Feb 14 08:10:46 2017,-2.437,-2.187,0.25,False
Tue Feb 14 08:11:46 2017,-2.375,-2.187,0.188,False
Tue Feb 14 08:12:46 2017,-2.312,-2.187,0.125,False
Tue Feb 14 08:13:46 2017,-2.187,-2.187,0.0,False
Tue Feb 14 08:14:46 2017,-2.125,-2.187,0.062,False
Tue Feb 14 08:15:46 2017,-2.062,-2.187,0.125,False
Tue Feb 14 08:16:46 2017,-1.937,-2.187,0.25,False
Tue Feb 14 08:17:46 2017,-1.875,-2.187,0.312,False
Tue Feb 14 08:18:46 2017,-1.75,-2.187,0.437,False
Tue Feb 14 08:19:46 2017,-1.687,-2.187,0.5,False
Tue Feb 14 08:20:46 2017,-1.562,-2.187,0.625,False
Tue Feb 14 08:21:46 2017,-1.5,-2.187,0.687,False
Tue Feb 14 08:22:46 2017,-1.375,-2.187,0.812,False
Tue Feb 14 08:23:46 2017,-1.312,-2.187,0.875,False
Tue Feb 14 08:24:46 2017,-1.187,-2.187,1.0,False
Tue Feb 14 08:25:46 2017,-1.125,-2.187,1.062,False
Tue Feb 14 08:26:46 2017,-1.0,-2.187,1.187,False
Tue Feb 14 08:27:46 2017,-0.937,-2.187,1.25,False
Tue Feb 14 08:28:46 2017,-0.812,-2.187,1.375,False
Tue Feb 14 08:29:46 2017,-0.75,-2.187,1.437,False
Tue Feb 14 08:30:46 2017,-0.625,-2.187,1.562,False
Tue Feb 14 08:31:46 2017,-0.5,-2.187,1.687,False
Tue Feb 14 08:32:46 2017,-0.437,-2.187,1.75,False
Tue Feb 14 08:33:46 2017,-0.312,-2.187,1.875,False
Tue Feb 14 08:34:46 2017,-0.187,-2.187,2.0,False
Tue Feb 14 08:35:46 2017,-0.062,-2.25,2.188,False
Tue Feb 14 08:36:46 2017,0.062,-2.187,2.249,False
Tue Feb 14 08:37:46 2017,0.25,-2.187,2.437,False
Tue Feb 14 08:38:46 2017,0.375,-2.187,2.562,False
Tue Feb 14 08:39:46 2017,0.562,-2.187,2.749,False
Tue Feb 14 08:40:46 2017,0.812,-2.25,3.062,False
Tue Feb 14 08:41:46 2017,1.0,-2.187,3.187,False
Tue Feb 14 08:42:46 2017,1.25,-2.187,3.437,False
Tue Feb 14 08:43:46 2017,1.625,-2.187,3.812,False
Tue Feb 14 08:44:46 2017,1.937,-2.187,4.124,False
Tue Feb 14 08:45:46 2017,2.312,-2.187,4.499,False
Tue Feb 14 08:46:46 2017,2.812,-2.187,4.999,False
Tue Feb 14 08:47:46 2017,3.375,-2.187,5.562,False
Tue Feb 14 08:48:46 2017,4.0,-2.187,6.187,False
Tue Feb 14 08:49:46 2017,4.562,-2.187,6.749,False
Tue Feb 14 08:50:46 2017,5.0,-2.187,7.187,False
Tue Feb 14 08:51:46 2017,5.437,-2.187,7.624,False
Tue Feb 14 08:52:47 2017,5.812,-2.187,7.999,False
Tue Feb 14 08:53:47 2017,6.187,-2.187,8.374,False
Tue Feb 14 08:54:47 2017,6.562,-2.187,8.749,False
Tue Feb 14 08:55:47 2017,6.875,-2.187,9.062,False
Tue Feb 14 08:56:47 2017,7.25,-2.187,9.437,False
Tue Feb 14 08:57:47 2017,7.5,-2.187,9.687,False
Tue Feb 14 08:58:47 2017,7.812,-2.187,9.999,False
Tue Feb 14 08:59:47 2017,8.125,-2.187,10.312,False
Tue Feb 14 09:00:47 2017,8.437,-2.187,10.624,False
Tue Feb 14 09:01:47 2017,8.875,-2.187,11.062,False
Tue Feb 14 09:02:47 2017,9.5,-2.187,11.687,False
Tue Feb 14 09:03:47 2017,10.437,-2.187,12.624,False
Tue Feb 14 09:04:47 2017,11.312,-2.187,13.499,False
Tue Feb 14 09:05:47 2017,12.125,-2.187,14.312,False
Tue Feb 14 09:06:47 2017,13.0,-2.187,15.187,False
Tue Feb 14 09:07:47 2017,13.75,-2.187,15.937,False
Tue Feb 14 09:08:47 2017,14.375,-2.187,16.562,False
Tue Feb 14 09:09:47 2017,15.0,-2.187,17.187,False
Tue Feb 14 09:10:47 2017,15.562,-2.187,17.749,False
Tue Feb 14 09:11:47 2017,16.187,-2.187,18.374,False
Tue Feb 14 09:12:47 2017,16.562,-2.187,18.749,False
Tue Feb 14 09:13:47 2017,16.937,-2.187,19.124,False
Tue Feb 14 09:14:47 2017,17.187,-2.187,19.374,False
Tue Feb 14 09:15:47 2017,17.312,-2.187,19.499,False
Tue Feb 14 09:16:47 2017,17.437,-2.187,19.624,False
Tue Feb 14 09:17:47 2017,17.5,-2.187,19.687,False
Tue Feb 14 09:18:47 2017,17.562,-2.187,19.749,False
Tue Feb 14 09:19:47 2017,17.562,-2.187,19.749,False
Tue Feb 14 09:20:47 2017,17.5,-2.187,19.687,False
Tue Feb 14 09:21:47 2017,17.5,-2.187,19.687,False
Tue Feb 14 09:22:47 2017,17.5,-2.187,19.687,False
Tue Feb 14 09:23:47 2017,17.687,-2.187,19.874,False
Tue Feb 14 09:24:47 2017,17.875,-2.25,20.125,False
Tue Feb 14 09:25:47 2017,18.312,-2.187,20.499,False
Tue Feb 14 09:26:47 2017,19.0,-2.187,21.187,False
Tue Feb 14 09:27:47 2017,20.562,-2.187,22.749,False
Tue Feb 14 09:28:47 2017,22.437,-2.187,24.624,False
Tue Feb 14 09:29:47 2017,24.125,-2.187,26.312,False
Tue Feb 14 09:30:47 2017,25.5,-2.187,27.687,False
Tue Feb 14 09:31:47 2017,27.25,-2.187,29.437,False
Tue Feb 14 09:32:47 2017,29.812,-2.187,31.999,False
Tue Feb 14 09:33:13 2017,30.687,-2.187,32.874,True,1738.213,0.0
Tue Feb 14 09:33:16 2017,30.875,-2.187,33.062,True,1748.153,0.001
Tue Feb 14 09:33:19 2017,31.437,-2.187,33.624,True,1777.869,0.001
Tue Feb 14 09:33:21 2017,32.375,-2.125,34.5,True,1824.188,0.001
Tue Feb 14 09:33:24 2017,33.437,-2.125,35.562,True,1880.341,0.001
Tue Feb 14 09:33:27 2017,34.5,-2.125,36.625,True,1936.547,0.002
Tue Feb 14 09:33:30 2017,35.5,-2.125,37.625,True,1989.422,0.002
Tue Feb 14 09:33:32 2017,36.5,-2.125,38.625,True,2042.297,0.002
Tue Feb 14 09:33:35 2017,37.312,-2.125,39.437,True,2085.231,0.003
Tue Feb 14 09:33:38 2017,38.125,-2.125,40.25,True,2128.219,0.003
Tue Feb 14 09:33:41 2017,38.812,-2.125,40.937,True,2164.544,0.003
Tue Feb 14 09:33:44 2017,39.437,-2.125,41.562,True,2197.591,0.004
Tue Feb 14 09:33:46 2017,40.0,-2.125,42.125,True,2227.359,0.004
Tue Feb 14 09:33:49 2017,40.437,-2.125,42.562,True,2250.466,0.005
Tue Feb 14 09:33:52 2017,40.875,-2.125,43.0,True,2273.625,0.005
Tue Feb 14 09:33:55 2017,41.187,-2.125,43.312,True,2290.122,0.005
Tue Feb 14 09:33:57 2017,41.437,-2.125,43.562,True,2303.341,0.009
Tue Feb 14 09:34:00 2017,41.687,-2.125,43.812,True,2316.559,0.01
Tue Feb 14 09:34:03 2017,41.875,-2.125,44.0,True,2326.5,0.01
Tue Feb 14 09:34:06 2017,42.0,-2.125,44.125,True,2333.109,0.01
Tue Feb 14 09:34:09 2017,42.062,-2.125,44.187,True,2336.388,0.011
Tue Feb 14 09:34:11 2017,42.062,-2.125,44.187,True,2336.388,0.011
Tue Feb 14 09:34:14 2017,42.062,-2.125,44.187,True,2336.388,0.011
Tue Feb 14 09:34:17 2017,42.0,-2.187,44.187,True,2336.388,0.012
Tue Feb 14 09:34:20 2017,42.0,-2.125,44.125,True,2333.109,0.012
Tue Feb 14 09:34:22 2017,41.875,-2.125,44.0,True,2326.5,0.012
Tue Feb 14 09:34:25 2017,41.75,-2.187,43.937,True,2323.169,0.013
Tue Feb 14 09:34:28 2017,41.562,-2.125,43.687,True,2309.95,0.013
Tue Feb 14 09:34:31 2017,41.437,-2.125,43.562,True,2303.341,0.014
Tue Feb 14 09:34:33 2017,41.25,-2.125,43.375,True,2293.453,0.014
Tue Feb 14 09:34:36 2017,41.0,-2.125,43.125,True,2280.234,0.014
Tue Feb 14 09:34:39 2017,40.812,-2.125,42.937,True,2270.294,0.015
Tue Feb 14 09:34:42 2017,40.562,-2.125,42.687,True,2257.075,0.015
Tue Feb 14 09:34:45 2017,40.312,-2.125,42.437,True,2243.856,0.015
Tue Feb 14 09:34:47 2017,40.062,-2.125,42.187,True,2230.638,0.016
Tue Feb 14 09:34:50 2017,39.812,-2.125,41.937,True,2217.419,0.016
Tue Feb 14 09:34:53 2017,39.625,-2.125,41.75,True,2207.531,0.017
Tue Feb 14 09:34:56 2017,39.375,-2.187,41.562,True,2197.591,0.017
Tue Feb 14 09:34:58 2017,39.125,-2.125,41.25,True,2181.094,0.017
Tue Feb 14 09:35:01 2017,38.937,-2.125,41.062,True,2171.153,0.018
Tue Feb 14 09:35:04 2017,38.687,-2.125,40.812,True,2157.934,0.018
Tue Feb 14 09:35:07 2017,38.5,-2.125,40.625,True,2148.047,0.018
Tue Feb 14 09:35:09 2017,38.25,-2.125,40.375,True,2134.828,0.019
Tue Feb 14 09:35:12 2017,38.0,-2.125,40.125,True,2121.609,0.021
Tue Feb 14 09:35:15 2017,37.75,-2.125,39.875,True,2108.391,0.022
Tue Feb 14 09:35:18 2017,37.5,-2.125,39.625,True,2095.172,0.022
Tue Feb 14 09:35:21 2017,37.312,-2.125,39.437,True,2085.231,0.022
Tue Feb 14 09:35:23 2017,37.062,-2.125,39.187,True,2072.013,0.023
Tue Feb 14 09:35:26 2017,36.812,-2.125,38.937,True,2058.794,0.023
Tue Feb 14 09:35:29 2017,36.625,-2.125,38.75,True,2048.906,0.023
Tue Feb 14 09:35:32 2017,36.437,-2.125,38.562,True,2038.966,0.024
Tue Feb 14 09:35:34 2017,36.25,-2.125,38.375,True,2029.078,0.024
Tue Feb 14 09:35:37 2017,36.0,-2.125,38.125,True,2015.859,0.024
Tue Feb 14 09:35:40 2017,35.812,-2.125,37.937,True,2005.919,0.025
Tue Feb 14 09:35:43 2017,35.625,-2.125,37.75,True,1996.031,0.025
Tue Feb 14 09:35:46 2017,35.375,-2.125,37.5,True,1982.813,0.025
Tue Feb 14 09:35:48 2017,35.125,-2.125,37.25,True,1969.594,0.026
Tue Feb 14 09:35:51 2017,34.875,-2.125,37.0,True,1956.375,0.026
Tue Feb 14 09:35:54 2017,34.625,-2.125,36.75,True,1943.156,0.026
Tue Feb 14 09:35:57 2017,34.375,-2.125,36.5,True,1929.938,0.027
Tue Feb 14 09:35:59 2017,34.062,-2.125,36.187,True,1913.388,0.027
Tue Feb 14 09:36:02 2017,33.812,-2.125,35.937,True,1900.169,0.027
Tue Feb 14 09:36:05 2017,33.562,-2.125,35.687,True,1886.95,0.028
Tue Feb 14 09:36:08 2017,33.25,-2.125,35.375,True,1870.453,0.028
Tue Feb 14 09:36:10 2017,33.062,-2.125,35.187,True,1860.513,0.028
Tue Feb 14 09:36:13 2017,32.812,-2.125,34.937,True,1847.294,0.028
Tue Feb 14 09:36:16 2017,32.562,-2.125,34.687,True,1834.075,0.029
Tue Feb 14 09:36:19 2017,32.312,-2.125,34.437,True,1820.856,0.029
Tue Feb 14 09:36:22 2017,32.125,-2.125,34.25,True,1810.969,0.029
Tue Feb 14 09:36:24 2017,31.937,-2.125,34.062,True,1801.028,0.03
Tue Feb 14 09:36:27 2017,31.75,-2.125,33.875,True,1791.141,0.03
Tue Feb 14 09:36:30 2017,31.562,-2.125,33.687,True,1781.2,0.03
Tue Feb 14 09:36:33 2017,31.375,-2.125,33.5,True,1771.313,0.031
Tue Feb 14 09:36:35 2017,31.187,-2.125,33.312,True,1761.372,0.031
Tue Feb 14 09:36:38 2017,30.937,-2.125,33.062,True,1748.153,0.031
Tue Feb 14 09:36:41 2017,30.75,-2.125,32.875,True,1738.266,0.031
Tue Feb 14 09:36:44 2017,30.5,-2.125,32.625,True,1725.047,0.032
Tue Feb 14 09:36:47 2017,30.312,-2.125,32.437,True,1715.106,0.032
Tue Feb 14 09:36:49 2017,30.125,-2.125,32.25,True,1705.219,0.032
Tue Feb 14 09:36:52 2017,29.937,-2.125,32.062,True,1695.278,0.032
Tue Feb 14 09:36:55 2017,29.687,-2.125,31.812,True,1682.06,0.033
Tue Feb 14 09:36:58 2017,29.5,-2.125,31.625,True,1672.172,0.033
Tue Feb 14 09:37:00 2017,29.25,-2.125,31.375,True,1658.953,0.033
Tue Feb 14 09:37:03 2017,29.062,-2.062,31.124,True,1645.682,0.034
Tue Feb 14 09:37:06 2017,28.812,-2.062,30.874,True,1632.463,0.034
Tue Feb 14 09:37:09 2017,28.625,-2.062,30.687,True,1622.575,0.034
Tue Feb 14 09:37:11 2017,28.375,-2.062,30.437,True,1609.356,0.034
Tue Feb 14 09:37:14 2017,28.187,-2.125,30.312,True,1602.747,0.035
Tue Feb 14 09:37:17 2017,28.0,-2.062,30.062,True,1589.528,0.035
Tue Feb 14 09:37:20 2017,27.75,-2.062,29.812,True,1576.31,0.035
Tue Feb 14 09:37:23 2017,27.5,-2.062,29.562,True,1563.091,0.035
Tue Feb 14 09:37:25 2017,27.312,-2.062,29.374,True,1553.15,0.036
Tue Feb 14 09:37:28 2017,27.062,-2.062,29.124,True,1539.932,0.036
Tue Feb 14 09:37:31 2017,26.812,-2.062,28.874,True,1526.713,0.036
Tue Feb 14 09:37:34 2017,26.625,-2.062,28.687,True,1516.825,0.036
Tue Feb 14 09:37:36 2017,26.375,-2.062,28.437,True,1503.606,0.037
Tue Feb 14 09:37:39 2017,26.187,-2.062,28.249,True,1493.666,0.037
Tue Feb 14 09:37:42 2017,25.937,-2.062,27.999,True,1480.447,0.037
Tue Feb 14 09:37:45 2017,25.75,-2.062,27.812,True,1470.56,0.037
Tue Feb 14 09:37:48 2017,25.562,-2.125,27.687,True,1463.95,0.038
Tue Feb 14 09:37:50 2017,25.375,-2.062,27.437,True,1450.731,0.038
Tue Feb 14 09:37:53 2017,25.187,-2.125,27.312,True,1444.122,0.038
Tue Feb 14 09:37:56 2017,25.0,-2.125,27.125,True,1434.234,0.038
Tue Feb 14 09:37:59 2017,24.75,-2.125,26.875,True,1421.016,0.039
Tue Feb 14 09:38:01 2017,24.562,-2.125,26.687,True,1411.075,0.039
Tue Feb 14 09:38:04 2017,24.375,-2.125,26.5,True,1401.188,0.039
Tue Feb 14 09:38:07 2017,24.125,-2.062,26.187,True,1384.638,0.039
Tue Feb 14 09:38:10 2017,23.937,-2.125,26.062,True,1378.028,0.039
Tue Feb 14 09:38:12 2017,23.75,-2.062,25.812,True,1364.81,0.04
Tue Feb 14 09:38:15 2017,23.562,-2.062,25.624,True,1354.869,0.04
Tue Feb 14 09:38:18 2017,23.375,-2.125,25.5,True,1348.313,0.04
Tue Feb 14 09:38:21 2017,23.187,-2.062,25.249,True,1335.041,0.04
Tue Feb 14 09:38:24 2017,23.0,-2.125,25.125,True,1328.484,0.041
Tue Feb 14 09:38:26 2017,22.875,-2.062,24.937,True,1318.544,0.041
Tue Feb 14 09:38:29 2017,22.687,-2.062,24.749,True,1308.603,0.041
Tue Feb 14 09:38:32 2017,22.562,-2.125,24.687,True,1305.325,0.041
Tue Feb 14 09:38:35 2017,22.437,-2.125,24.562,True,1298.716,0.041
Tue Feb 14 09:38:37 2017,22.312,-2.062,24.374,True,1288.775,0.042
Tue Feb 14 09:38:40 2017,22.187,-2.125,24.312,True,1285.497,0.042
Tue Feb 14 09:38:43 2017,22.0,-2.125,24.125,True,1275.609,0.042
Tue Feb 14 09:38:46 2017,21.875,-2.125,24.0,True,1269.0,0.042
Tue Feb 14 09:38:49 2017,21.75,-2.125,23.875,True,1262.391,0.042
Tue Feb 14 09:38:51 2017,21.562,-2.125,23.687,True,1252.45,0.043
Tue Feb 14 09:38:54 2017,21.437,-2.125,23.562,True,1245.841,0.043
Tue Feb 14 09:38:57 2017,21.312,-2.062,23.374,True,1235.9,0.043
Tue Feb 14 09:39:00 2017,21.187,-2.125,23.312,True,1232.622,0.043
Tue Feb 14 09:39:02 2017,21.062,-2.062,23.124,True,1222.682,0.044
Tue Feb 14 09:39:05 2017,20.875,-2.125,23.0,True,1216.125,0.044
Tue Feb 14 09:39:08 2017,20.812,-2.125,22.937,True,1212.794,0.044
Tue Feb 14 09:39:11 2017,20.687,-2.125,22.812,True,1206.185,0.044
Tue Feb 14 09:39:14 2017,20.5,-2.125,22.625,True,1196.297,0.044
Tue Feb 14 09:39:16 2017,20.437,-2.125,22.562,True,1192.966,0.044
Tue Feb 14 09:39:19 2017,20.312,-2.125,22.437,True,1186.356,0.045
Tue Feb 14 09:39:22 2017,20.187,-2.125,22.312,True,1179.747,0.045
Tue Feb 14 09:39:25 2017,20.125,-2.125,22.25,True,1176.469,0.045
Tue Feb 14 09:39:27 2017,20.0,-2.125,22.125,True,1169.859,0.045
Tue Feb 14 09:39:30 2017,19.937,-2.125,22.062,True,1166.528,0.045
Tue Feb 14 09:39:33 2017,19.875,-2.125,22.0,True,1163.25,0.046
Tue Feb 14 09:39:36 2017,19.875,-2.125,22.0,True,1163.25,0.046
Tue Feb 14 09:39:38 2017,19.875,-2.125,22.0,True,1163.25,0.046
Tue Feb 14 09:39:41 2017,19.875,-2.062,21.937,False,0,0,0.046
Tue Feb 14 09:39:51 2017,20.0,-2.125,22.125,False
Tue Feb 14 09:40:01 2017,20.062,-2.125,22.187,False
Tue Feb 14 09:40:12 2017,20.125,-2.125,22.25,False
Tue Feb 14 09:40:22 2017,20.187,-2.125,22.312,False
Tue Feb 14 09:40:32 2017,20.25,-2.125,22.375,False
Tue Feb 14 09:40:42 2017,20.312,-2.062,22.374,False
Tue Feb 14 09:40:52 2017,20.312,-2.062,22.374,False
Tue Feb 14 09:41:02 2017,20.375,-2.125,22.5,False
Tue Feb 14 09:41:12 2017,20.375,-2.125,22.5,False
Tue Feb 14 09:41:22 2017,20.437,-2.125,22.562,False
Tue Feb 14 09:41:32 2017,20.562,-2.125,22.687,False
Tue Feb 14 09:41:42 2017,20.625,-2.125,22.75,False
Tue Feb 14 09:41:53 2017,20.75,-2.125,22.875,False
Tue Feb 14 09:42:03 2017,20.875,-2.062,22.937,False
Tue Feb 14 09:42:13 2017,21.0,-2.062,23.062,False
Tue Feb 14 09:42:23 2017,21.125,-2.062,23.187,False
Tue Feb 14 09:42:33 2017,21.25,-2.125,23.375,False
Tue Feb 14 09:42:43 2017,21.312,-2.062,23.374,False
Tue Feb 14 09:42:53 2017,21.375,-2.062,23.437,False
Tue Feb 14 09:43:03 2017,21.437,-2.062,23.499,False
Tue Feb 14 09:43:13 2017,21.5,-2.062,23.562,False
Tue Feb 14 09:43:23 2017,21.5,-2.062,23.562,False
Tue Feb 14 09:43:34 2017,21.562,-2.062,23.624,False
Tue Feb 14 09:43:44 2017,21.625,-2.062,23.687,False
Tue Feb 14 09:43:54 2017,21.687,-2.062,23.749,False
Tue Feb 14 09:44:04 2017,21.75,-2.125,23.875,False
Tue Feb 14 09:44:14 2017,21.875,-2.062,23.937,False
Tue Feb 14 09:44:24 2017,22.0,-2.062,24.062,False
Tue Feb 14 09:44:34 2017,22.062,-2.125,24.187,False
Tue Feb 14 09:44:44 2017,22.125,-2.125,24.25,False
Tue Feb 14 09:45:14 2017,22.187,-2.125,24.312,False
Tue Feb 14 09:45:44 2017,22.25,-2.125,24.375,False
Tue Feb 14 09:46:14 2017,22.312,-2.125,24.437,False
Tue Feb 14 09:46:44 2017,22.375,-2.125,24.5,False
Tue Feb 14 09:47:14 2017,22.437,-2.125,24.562,False
Tue Feb 14 09:47:44 2017,22.437,-2.062,24.499,False
Tue Feb 14 09:48:14 2017,22.375,-2.125,24.5,False
Tue Feb 14 09:48:44 2017,22.437,-2.125,24.562,False
Tue Feb 14 09:49:14 2017,22.437,-2.125,24.562,False
Tue Feb 14 09:49:44 2017,22.437,-2.125,24.562,False
Tue Feb 14 09:50:14 2017,22.437,-2.125,24.562,False
Tue Feb 14 09:50:44 2017,22.5,-2.125,24.625,False
Tue Feb 14 09:51:15 2017,22.5,-2.125,24.625,False
Tue Feb 14 09:51:45 2017,22.5,-2.125,24.625,False
Tue Feb 14 09:52:15 2017,22.5,-2.125,24.625,False
Tue Feb 14 09:52:45 2017,22.437,-2.125,24.562,False
Tue Feb 14 09:53:15 2017,22.625,-2.062,24.687,False
Tue Feb 14 09:53:45 2017,22.812,-2.062,24.874,False
Tue Feb 14 09:54:15 2017,22.937,-2.062,24.999,False
Tue Feb 14 09:54:45 2017,23.0,-2.062,25.062,False
Tue Feb 14 09:55:45 2017,23.125,-2.062,25.187,False
Tue Feb 14 09:56:45 2017,23.375,-2.062,25.437,False
Tue Feb 14 09:57:45 2017,23.437,-2.062,25.499,False
Tue Feb 14 09:58:45 2017,23.562,-2.062,25.624,False
Tue Feb 14 09:59:45 2017,23.625,-2.062,25.687,False
Tue Feb 14 10:00:45 2017,23.562,-2.062,25.624,False
Tue Feb 14 10:01:45 2017,23.5,-2.062,25.562,False
Tue Feb 14 10:02:45 2017,23.437,-2.062,25.499,False
Tue Feb 14 10:03:45 2017,23.437,-2.062,25.499,False
Tue Feb 14 10:04:45 2017,23.562,-2.062,25.624,False
Tue Feb 14 10:05:45 2017,24.0,-2.0,26.0,False
Tue Feb 14 10:06:45 2017,24.687,-2.062,26.749,False
Tue Feb 14 10:07:45 2017,25.375,-2.062,27.437,False
Tue Feb 14 10:08:45 2017,26.687,-2.0,28.687,False
Tue Feb 14 10:09:45 2017,27.687,-2.0,29.687,False
Tue Feb 14 10:10:45 2017,28.75,-2.0,30.75,False
Tue Feb 14 10:11:45 2017,30.25,-2.0,32.25,False
Tue Feb 14 10:12:17 2017,30.875,-2.0,32.875,True,1738.266,0.0
Tue Feb 14 10:12:20 2017,30.937,-2.0,32.937,True,1741.544,0.001
Tue Feb 14 10:12:23 2017,31.375,-2.0,33.375,True,1764.703,0.001
Tue Feb 14 10:12:25 2017,32.125,-2.0,34.125,True,1804.359,0.001
Tue Feb 14 10:12:28 2017,33.062,-2.0,35.062,True,1853.903,0.001
Tue Feb 14 10:12:31 2017,34.0,-2.0,36.0,True,1903.5,0.002
Tue Feb 14 10:12:34 2017,35.0,-2.0,37.0,True,1956.375,0.002
Tue Feb 14 10:12:36 2017,35.875,-2.0,37.875,True,2002.641,0.002
Tue Feb 14 10:12:39 2017,36.75,-2.0,38.75,True,2048.906,0.003
Tue Feb 14 10:12:42 2017,37.5,-2.0,39.5,True,2088.563,0.003
Tue Feb 14 10:12:45 2017,38.25,-2.0,40.25,True,2128.219,0.003
Tue Feb 14 10:12:48 2017,38.937,-2.0,40.937,True,2164.544,0.004
Tue Feb 14 10:12:50 2017,39.5,-2.0,41.5,True,2194.313,0.004
Tue Feb 14 10:12:53 2017,40.062,-2.0,42.062,True,2224.028,0.004
Tue Feb 14 10:12:56 2017,40.5,-2.0,42.5,True,2247.188,0.005
Tue Feb 14 10:12:59 2017,40.937,-2.0,42.937,True,2270.294,0.005
Tue Feb 14 10:13:01 2017,41.25,-2.0,43.25,True,2286.844,0.005
Tue Feb 14 10:13:04 2017,41.5,-2.0,43.5,True,2300.063,0.006
Tue Feb 14 10:13:07 2017,41.75,-2.0,43.75,True,2313.281,0.006
Tue Feb 14 10:13:10 2017,41.875,-2.0,43.875,True,2319.891,0.007
Tue Feb 14 10:13:13 2017,42.0,-2.0,44.0,True,2326.5,0.007
Tue Feb 14 10:13:15 2017,42.062,-2.0,44.062,True,2329.778,0.007
Tue Feb 14 10:13:18 2017,42.062,-2.0,44.062,True,2329.778,0.008
Tue Feb 14 10:13:21 2017,42.0,-2.0,44.0,True,2326.5,0.008
Tue Feb 14 10:13:24 2017,42.0,-2.0,44.0,True,2326.5,0.008
Tue Feb 14 10:13:26 2017,41.875,-2.0,43.875,True,2319.891,0.01
Tue Feb 14 10:13:29 2017,41.812,-2.0,43.812,True,2316.559,0.011
Tue Feb 14 10:13:32 2017,41.687,-2.0,43.687,True,2309.95,0.011
Tue Feb 14 10:13:35 2017,41.562,-2.0,43.562,True,2303.341,0.011
Tue Feb 14 10:13:37 2017,41.375,-2.0,43.375,True,2293.453,0.012
Tue Feb 14 10:13:40 2017,41.187,-2.0,43.187,True,2283.513,0.012
Tue Feb 14 10:13:43 2017,41.062,-2.0,43.062,True,2276.903,0.012
Tue Feb 14 10:13:46 2017,40.875,-2.0,42.875,True,2267.016,0.013
Tue Feb 14 10:13:49 2017,40.625,-2.0,42.625,True,2253.797,0.013
Tue Feb 14 10:13:51 2017,40.437,-2.0,42.437,True,2243.856,0.014
Tue Feb 14 10:13:54 2017,40.25,-2.0,42.25,True,2233.969,0.014
Tue Feb 14 10:13:57 2017,40.0,-2.0,42.0,True,2220.75,0.014
Tue Feb 14 10:14:00 2017,39.75,-2.0,41.75,True,2207.531,0.015
Tue Feb 14 10:14:02 2017,39.5,-2.0,41.5,True,2194.313,0.015
Tue Feb 14 10:14:05 2017,39.25,-2.0,41.25,True,2181.094,0.015
Tue Feb 14 10:14:08 2017,39.0,-2.0,41.0,True,2167.875,0.016
Tue Feb 14 10:14:11 2017,38.687,-2.0,40.687,True,2151.325,0.016
Tue Feb 14 10:14:13 2017,38.5,-2.0,40.5,True,2141.438,0.016
Tue Feb 14 10:14:16 2017,38.25,-2.0,40.25,True,2128.219,0.017
Tue Feb 14 10:14:19 2017,38.0,-2.0,40.0,True,2115.0,0.017
Tue Feb 14 10:14:22 2017,37.75,-2.0,39.75,True,2101.781,0.017
Tue Feb 14 10:14:25 2017,37.562,-2.0,39.562,True,2091.841,0.018
Tue Feb 14 10:14:27 2017,37.312,-2.0,39.312,True,2078.622,0.018
Tue Feb 14 10:14:30 2017,37.062,-2.0,39.062,True,2065.403,0.018
Tue Feb 14 10:14:33 2017,36.812,-2.0,38.812,True,2052.184,0.019
Tue Feb 14 10:14:36 2017,36.562,-2.0,38.562,True,2038.966,0.019
Tue Feb 14 10:14:39 2017,36.25,-2.0,38.25,True,2022.469,0.019
Tue Feb 14 10:14:42 2017,35.937,-2.0,37.937,True,2005.919,0.02
Tue Feb 14 10:14:45 2017,35.625,-1.937,37.562,True,1986.091,0.02
Tue Feb 14 10:14:48 2017,35.375,-2.0,37.375,True,1976.203,0.02
Tue Feb 14 10:14:50 2017,35.062,-2.0,37.062,True,1959.653,0.021
Tue Feb 14 10:14:53 2017,34.75,-2.0,36.75,True,1943.156,0.021
Tue Feb 14 10:14:56 2017,34.437,-1.937,36.374,True,1923.275,0.021
Tue Feb 14 10:14:59 2017,34.125,-1.937,36.062,True,1906.778,0.022
Tue Feb 14 10:15:01 2017,33.812,-1.937,35.749,True,1890.228,0.022
Tue Feb 14 10:15:04 2017,33.562,-2.0,35.562,True,1880.341,0.022
Tue Feb 14 10:15:07 2017,33.25,-2.0,35.25,True,1863.844,0.023
Tue Feb 14 10:15:10 2017,32.937,-2.0,34.937,True,1847.294,0.023
Tue Feb 14 10:15:13 2017,32.625,-2.0,34.625,True,1830.797,0.023
Tue Feb 14 10:15:15 2017,32.312,-2.0,34.312,True,1814.247,0.023
Tue Feb 14 10:15:18 2017,32.0,-2.0,34.0,True,1797.75,0.024
Tue Feb 14 10:15:21 2017,31.75,-2.0,33.75,True,1784.531,0.024
Tue Feb 14 10:15:24 2017,31.437,-2.0,33.437,True,1767.981,0.024
Tue Feb 14 10:15:26 2017,31.187,-2.0,33.187,True,1754.763,0.025
Tue Feb 14 10:15:29 2017,30.875,-2.0,32.875,True,1738.266,0.025
Tue Feb 14 10:15:32 2017,30.562,-2.0,32.562,True,1721.716,0.025
Tue Feb 14 10:15:35 2017,30.25,-2.0,32.25,True,1705.219,0.025
Tue Feb 14 10:15:37 2017,29.937,-2.0,31.937,True,1688.669,0.026
Tue Feb 14 10:15:40 2017,29.687,-1.937,31.624,True,1672.119,0.026
Tue Feb 14 10:15:43 2017,29.375,-1.937,31.312,True,1655.622,0.026
Tue Feb 14 10:15:46 2017,29.062,-1.937,30.999,True,1639.072,0.027
Tue Feb 14 10:15:49 2017,28.875,-2.0,30.875,True,1632.516,0.027
Tue Feb 14 10:15:51 2017,28.562,-2.0,30.562,True,1615.966,0.027
Tue Feb 14 10:15:54 2017,28.375,-2.0,30.375,True,1606.078,0.027
Tue Feb 14 10:15:57 2017,28.125,-2.0,30.125,True,1592.859,0.028
Tue Feb 14 10:16:00 2017,27.875,-1.937,29.812,True,1576.31,0.028
Tue Feb 14 10:16:02 2017,27.75,-1.937,29.687,True,1569.7,0.028
Tue Feb 14 10:16:05 2017,27.562,-1.937,29.499,True,1559.76,0.028
Tue Feb 14 10:16:08 2017,27.437,-1.937,29.374,True,1553.15,0.029
Tue Feb 14 10:16:11 2017,27.375,-1.937,29.312,True,1549.872,0.029
Tue Feb 14 10:16:14 2017,27.312,-1.937,29.249,True,1546.541,0.029
Tue Feb 14 10:16:16 2017,27.25,-2.0,29.25,True,1546.594,0.029
Tue Feb 14 10:16:19 2017,27.25,-1.937,29.187,True,1543.263,0.03
Tue Feb 14 10:16:22 2017,27.25,-1.937,29.187,True,1543.263,0.03
Tue Feb 14 10:16:25 2017,27.187,-1.937,29.124,True,1539.932,0.03
Tue Feb 14 10:16:27 2017,27.187,-1.937,29.124,True,1539.932,0.03
Tue Feb 14 10:16:30 2017,27.187,-2.0,29.187,True,1543.263,0.031
Tue Feb 14 10:16:33 2017,27.187,-2.0,29.187,True,1543.263,0.031
Tue Feb 14 10:16:36 2017,27.187,-2.0,29.187,True,1543.263,0.031
Tue Feb 14 10:16:38 2017,27.187,-1.937,29.124,True,1539.932,0.031
Tue Feb 14 10:16:41 2017,27.187,-1.937,29.124,True,1539.932,0.032
Tue Feb 14 10:16:44 2017,27.25,-1.937,29.187,True,1543.263,0.032
Tue Feb 14 10:16:47 2017,27.312,-1.937,29.249,True,1546.541,0.032
Tue Feb 14 10:16:50 2017,27.375,-2.0,29.375,True,1553.203,0.032
Tue Feb 14 10:16:52 2017,27.437,-2.0,29.437,True,1556.481,0.033
Tue Feb 14 10:16:55 2017,27.5,-2.0,29.5,True,1559.813,0.033
Tue Feb 14 10:16:58 2017,27.5,-2.0,29.5,True,1559.813,0.033
Tue Feb 14 10:17:01 2017,27.562,-2.0,29.562,True,1563.091,0.033
Tue Feb 14 10:17:03 2017,27.625,-2.0,29.625,True,1566.422,0.034
Tue Feb 14 10:17:06 2017,27.625,-2.0,29.625,True,1566.422,0.034
Tue Feb 14 10:17:09 2017,27.625,-2.0,29.625,True,1566.422,0.034
Tue Feb 14 10:17:12 2017,27.562,-2.0,29.562,True,1563.091,0.034
Tue Feb 14 10:17:15 2017,27.562,-2.0,29.562,True,1563.091,0.035
Tue Feb 14 10:17:17 2017,27.5,-2.0,29.5,True,1559.813,0.035
Tue Feb 14 10:17:20 2017,27.375,-2.0,29.375,True,1553.203,0.035
Tue Feb 14 10:17:23 2017,27.312,-2.0,29.312,True,1549.872,0.036
Tue Feb 14 10:17:26 2017,27.187,-2.0,29.187,True,1543.263,0.036
Tue Feb 14 10:17:28 2017,27.187,-2.0,29.187,True,1543.263,0.036
Tue Feb 14 10:17:31 2017,27.062,-2.0,29.062,True,1536.653,0.036
Tue Feb 14 10:17:34 2017,27.0,-2.0,29.0,True,1533.375,0.036
Tue Feb 14 10:17:37 2017,26.937,-2.0,28.937,True,1530.044,0.037
Tue Feb 14 10:17:39 2017,26.875,-2.0,28.875,True,1526.766,0.037
Tue Feb 14 10:17:42 2017,26.75,-1.937,28.687,True,1516.825,0.037
Tue Feb 14 10:17:45 2017,26.687,-2.0,28.687,True,1516.825,0.037
Tue Feb 14 10:17:48 2017,26.562,-2.0,28.562,True,1510.216,0.038
Tue Feb 14 10:17:51 2017,26.437,-2.0,28.437,True,1503.606,0.038
Tue Feb 14 10:17:53 2017,26.312,-2.0,28.312,True,1496.997,0.038
Tue Feb 14 10:17:56 2017,26.25,-2.0,28.25,True,1493.719,0.038
Tue Feb 14 10:17:59 2017,26.187,-2.0,28.187,True,1490.388,0.039
Tue Feb 14 10:18:02 2017,26.125,-2.0,28.125,True,1487.109,0.039
Tue Feb 14 10:18:04 2017,26.0,-1.937,27.937,True,1477.169,0.039
Tue Feb 14 10:18:07 2017,25.937,-2.0,27.937,True,1477.169,0.039
Tue Feb 14 10:18:10 2017,25.812,-2.0,27.812,True,1470.56,0.04
Tue Feb 14 10:18:13 2017,25.687,-2.0,27.687,True,1463.95,0.04
Tue Feb 14 10:18:15 2017,25.562,-2.0,27.562,True,1457.341,0.04
Tue Feb 14 10:18:18 2017,25.437,-2.0,27.437,True,1450.731,0.04
Tue Feb 14 10:18:21 2017,25.25,-2.0,27.25,True,1440.844,0.041
Tue Feb 14 10:18:24 2017,25.125,-2.0,27.125,True,1434.234,0.041
Tue Feb 14 10:18:27 2017,24.937,-2.0,26.937,True,1424.294,0.041
Tue Feb 14 10:18:29 2017,24.75,-1.937,26.687,True,1411.075,0.041
Tue Feb 14 10:18:32 2017,24.625,-1.937,26.562,True,1404.466,0.042
Tue Feb 14 10:18:35 2017,24.437,-2.0,26.437,True,1397.856,0.042
Tue Feb 14 10:18:38 2017,24.25,-2.0,26.25,True,1387.969,0.042
Tue Feb 14 10:18:40 2017,24.062,-2.0,26.062,True,1378.028,0.042
Tue Feb 14 10:18:43 2017,23.937,-2.0,25.937,True,1371.419,0.042
Tue Feb 14 10:18:46 2017,23.75,-1.937,25.687,True,1358.2,0.043
Tue Feb 14 10:18:49 2017,23.562,-1.937,25.499,True,1348.26,0.043
Tue Feb 14 10:18:52 2017,23.375,-1.937,25.312,True,1338.372,0.043
Tue Feb 14 10:18:54 2017,23.187,-1.937,25.124,True,1328.432,0.043
Tue Feb 14 10:18:57 2017,23.0,-2.0,25.0,True,1321.875,0.043
Tue Feb 14 10:19:00 2017,22.875,-1.937,24.812,True,1311.935,0.044
Tue Feb 14 10:19:03 2017,22.687,-2.0,24.687,True,1305.325,0.044
Tue Feb 14 10:19:05 2017,22.5,-1.937,24.437,True,1292.106,0.044
Tue Feb 14 10:19:08 2017,22.375,-1.937,24.312,True,1285.497,0.044
Tue Feb 14 10:19:11 2017,22.187,-1.937,24.124,True,1275.557,0.045
Tue Feb 14 10:19:14 2017,22.062,-2.0,24.062,True,1272.278,0.045
Tue Feb 14 10:19:16 2017,21.875,-2.0,23.875,True,1262.391,0.045
Tue Feb 14 10:19:19 2017,21.75,-2.0,23.75,True,1255.781,0.045
Tue Feb 14 10:19:22 2017,21.625,-2.0,23.625,True,1249.172,0.045
Tue Feb 14 10:19:25 2017,21.5,-2.0,23.5,True,1242.563,0.046
Tue Feb 14 10:19:28 2017,21.375,-2.0,23.375,True,1235.953,0.046
Tue Feb 14 10:19:30 2017,21.312,-2.0,23.312,True,1232.622,0.046
Tue Feb 14 10:19:33 2017,21.312,-2.0,23.312,True,1232.622,0.046
Tue Feb 14 10:19:36 2017,21.25,-2.0,23.25,True,1229.344,0.046
Tue Feb 14 10:19:39 2017,21.312,-2.0,23.312,True,1232.622,0.047
Tue Feb 14 10:19:41 2017,21.312,-2.0,23.312,True,1232.622,0.047
Tue Feb 14 10:19:44 2017,21.375,-1.937,23.312,True,1232.622,0.047
Tue Feb 14 10:19:47 2017,21.437,-1.937,23.374,True,1235.9,0.047
Tue Feb 14 10:19:50 2017,21.562,-1.937,23.499,True,1242.51,0.047
Tue Feb 14 10:19:52 2017,21.625,-1.937,23.562,True,1245.841,0.048
Tue Feb 14 10:19:55 2017,21.687,-1.937,23.624,True,1249.119,0.048
Tue Feb 14 10:19:58 2017,21.687,-1.937,23.624,True,1249.119,0.048
Tue Feb 14 10:20:01 2017,21.75,-1.937,23.687,True,1252.45,0.048
Tue Feb 14 10:20:04 2017,21.75,-1.937,23.687,True,1252.45,0.048
Tue Feb 14 10:20:06 2017,21.812,-1.937,23.749,True,1255.728,0.049
Tue Feb 14 10:20:09 2017,21.875,-1.937,23.812,True,1259.06,0.049
Tue Feb 14 10:20:12 2017,21.875,-1.937,23.812,False,0,0,0.049
Tue Feb 14 10:20:22 2017,22.0,-1.937,23.937,False
Tue Feb 14 10:20:32 2017,22.062,-1.937,23.999,False
Tue Feb 14 10:20:42 2017,22.125,-1.937,24.062,False
Tue Feb 14 10:20:52 2017,22.187,-1.937,24.124,False
Tue Feb 14 10:21:02 2017,22.187,-1.937,24.124,False
Tue Feb 14 10:21:13 2017,22.187,-1.937,24.124,False
Tue Feb 14 10:21:23 2017,22.25,-1.937,24.187,False
Tue Feb 14 10:21:33 2017,22.25,-1.937,24.187,False
Tue Feb 14 10:21:43 2017,22.25,-1.937,24.187,False
Tue Feb 14 10:21:53 2017,22.25,-1.937,24.187,False
Tue Feb 14 10:22:03 2017,22.25,-1.937,24.187,False
Tue Feb 14 10:22:13 2017,22.25,-1.937,24.187,False
Tue Feb 14 10:22:23 2017,22.312,-1.937,24.249,False
Tue Feb 14 10:22:33 2017,22.312,-1.937,24.249,False
Tue Feb 14 10:22:43 2017,22.312,-1.937,24.249,False
Tue Feb 14 10:22:53 2017,22.312,-1.875,24.187,False
Tue Feb 14 10:23:04 2017,22.312,-1.875,24.187,False
Tue Feb 14 10:23:14 2017,22.312,-1.937,24.249,False
Tue Feb 14 10:23:24 2017,22.312,-1.937,24.249,False
Tue Feb 14 10:23:34 2017,22.312,-1.937,24.249,False
Tue Feb 14 10:23:44 2017,22.312,-1.937,24.249,False
Tue Feb 14 10:23:54 2017,22.312,-1.937,24.249,False
Tue Feb 14 10:24:04 2017,22.312,-1.937,24.249,False
Tue Feb 14 10:24:14 2017,22.312,-1.937,24.249,False
Tue Feb 14 10:24:24 2017,22.312,-1.937,24.249,False
Tue Feb 14 10:24:34 2017,22.312,-1.937,24.249,False
Tue Feb 14 10:24:45 2017,22.312,-1.937,24.249,False
Tue Feb 14 10:24:55 2017,22.312,-1.875,24.187,False
Tue Feb 14 10:25:05 2017,22.312,-1.937,24.249,False
Tue Feb 14 10:25:15 2017,22.25,-1.937,24.187,False
Tue Feb 14 10:25:45 2017,22.187,-1.937,24.124,False
Tue Feb 14 10:26:15 2017,22.125,-1.937,24.062,False
Tue Feb 14 10:26:45 2017,22.062,-1.937,23.999,False
Tue Feb 14 10:27:15 2017,22.0,-1.937,23.937,False
Tue Feb 14 10:27:45 2017,22.0,-1.937,23.937,False
Tue Feb 14 10:28:15 2017,21.937,-1.937,23.874,False
Tue Feb 14 10:28:45 2017,21.812,-1.875,23.687,False
Tue Feb 14 10:29:15 2017,21.687,-1.875,23.562,False
Tue Feb 14 10:29:45 2017,21.625,-1.875,23.5,False
Tue Feb 14 10:30:15 2017,21.5,-1.875,23.375,False
Tue Feb 14 10:30:45 2017,21.375,-1.875,23.25,False
Tue Feb 14 10:31:15 2017,21.187,-1.875,23.062,False
Tue Feb 14 10:31:45 2017,21.062,-1.875,22.937,False
Tue Feb 14 10:32:15 2017,20.937,-1.875,22.812,False
Tue Feb 14 10:32:45 2017,20.75,-1.875,22.625,False
Tue Feb 14 10:33:15 2017,20.625,-1.875,22.5,False
Tue Feb 14 10:33:45 2017,20.5,-1.875,22.375,False
Tue Feb 14 10:34:15 2017,20.312,-1.875,22.187,False
Tue Feb 14 10:34:45 2017,20.187,-1.875,22.062,False
Tue Feb 14 10:35:15 2017,20.0,-1.875,21.875,False
Tue Feb 14 10:36:15 2017,19.625,-1.875,21.5,False
Tue Feb 14 10:37:15 2017,19.375,-1.875,21.25,False
Tue Feb 14 10:38:15 2017,19.062,-1.875,20.937,False
Tue Feb 14 10:39:16 2017,18.812,-1.875,20.687,False
Tue Feb 14 10:40:16 2017,18.5,-1.875,20.375,False
Tue Feb 14 10:41:16 2017,18.25,-1.875,20.125,False
Tue Feb 14 10:42:16 2017,18.062,-1.875,19.937,False
Tue Feb 14 10:43:16 2017,17.937,-1.875,19.812,False
Tue Feb 14 10:44:16 2017,17.75,-1.875,19.625,False
Tue Feb 14 10:45:16 2017,17.562,-1.875,19.437,False
Tue Feb 14 10:46:16 2017,17.437,-1.875,19.312,False
Tue Feb 14 10:47:16 2017,17.312,-1.812,19.124,False
Tue Feb 14 10:48:16 2017,17.062,-1.812,18.874,False
Tue Feb 14 10:49:16 2017,16.875,-1.812,18.687,False
Tue Feb 14 10:50:16 2017,16.625,-1.875,18.5,False
Tue Feb 14 10:51:16 2017,16.437,-1.812,18.249,False
Tue Feb 14 10:52:16 2017,16.25,-1.812,18.062,False
Tue Feb 14 10:53:16 2017,16.062,-1.875,17.937,False
Tue Feb 14 10:54:16 2017,15.937,-1.812,17.749,False
Tue Feb 14 10:55:16 2017,15.75,-1.812,17.562,False
Tue Feb 14 10:56:16 2017,15.562,-1.812,17.374,False
Tue Feb 14 10:57:16 2017,15.375,-1.812,17.187,False
Tue Feb 14 10:58:16 2017,15.187,-1.812,16.999,False
Tue Feb 14 10:59:16 2017,15.0,-1.812,16.812,False
Tue Feb 14 11:00:16 2017,14.937,-1.812,16.749,False
Tue Feb 14 11:01:16 2017,14.937,-1.812,16.749,False
Tue Feb 14 11:02:16 2017,15.062,-1.812,16.874,False
Tue Feb 14 11:03:16 2017,15.375,-1.812,17.187,False
Tue Feb 14 11:04:16 2017,15.75,-1.812,17.562,False
Tue Feb 14 11:05:16 2017,16.25,-1.812,18.062,False
Tue Feb 14 11:06:16 2017,16.875,-1.812,18.687,False
Tue Feb 14 11:07:16 2017,17.437,-1.812,19.249,False
Tue Feb 14 11:08:16 2017,17.812,-1.75,19.562,False
Tue Feb 14 11:09:16 2017,18.312,-1.75,20.062,False
Tue Feb 14 11:10:16 2017,18.687,-1.75,20.437,False
Tue Feb 14 11:11:16 2017,19.125,-1.75,20.875,False
Tue Feb 14 11:12:16 2017,19.625,-1.75,21.375,False
Tue Feb 14 11:13:16 2017,20.25,-1.75,22.0,False
Tue Feb 14 11:14:16 2017,21.187,-1.75,22.937,False
Tue Feb 14 11:15:16 2017,22.0,-1.75,23.75,False
Tue Feb 14 11:16:16 2017,22.75,-1.75,24.5,False
Tue Feb 14 11:17:16 2017,23.5,-1.75,25.25,False
Tue Feb 14 11:18:16 2017,24.062,-1.75,25.812,False
Tue Feb 14 11:19:16 2017,24.5,-1.75,26.25,False
Tue Feb 14 11:20:16 2017,25.0,-1.687,26.687,False
Tue Feb 14 11:21:16 2017,25.25,-1.75,27.0,False
Tue Feb 14 11:22:16 2017,25.562,-1.687,27.249,False
Tue Feb 14 11:23:16 2017,25.687,-1.687,27.374,False
Tue Feb 14 11:24:16 2017,25.625,-1.687,27.312,False
Tue Feb 14 11:25:16 2017,25.437,-1.687,27.124,False
Tue Feb 14 11:26:16 2017,25.187,-1.687,26.874,False
Tue Feb 14 11:27:16 2017,24.812,-1.687,26.499,False
Tue Feb 14 11:28:16 2017,24.375,-1.687,26.062,False
Tue Feb 14 11:29:16 2017,24.0,-1.687,25.687,False
Tue Feb 14 11:30:16 2017,23.5,-1.687,25.187,False
Tue Feb 14 11:31:17 2017,23.062,-1.687,24.749,False
Tue Feb 14 11:32:17 2017,22.625,-1.687,24.312,False
Tue Feb 14 11:33:17 2017,22.25,-1.625,23.875,False
Tue Feb 14 11:34:17 2017,21.875,-1.625,23.5,False
Tue Feb 14 11:35:17 2017,21.562,-1.625,23.187,False
Tue Feb 14 11:36:17 2017,21.187,-1.625,22.812,False
Tue Feb 14 11:37:17 2017,20.937,-1.625,22.562,False
Tue Feb 14 11:38:17 2017,20.625,-1.625,22.25,False
Tue Feb 14 11:39:17 2017,20.437,-1.625,22.062,False
Tue Feb 14 11:40:17 2017,20.125,-1.625,21.75,False
Tue Feb 14 11:41:17 2017,19.875,-1.625,21.5,False
Tue Feb 14 11:42:17 2017,19.687,-1.562,21.249,False
Tue Feb 14 11:43:17 2017,19.5,-1.625,21.125,False
Tue Feb 14 11:44:17 2017,19.312,-1.562,20.874,False
Tue Feb 14 11:45:17 2017,19.062,-1.562,20.624,False
Tue Feb 14 11:46:17 2017,19.062,-1.625,20.687,False
Tue Feb 14 11:47:17 2017,19.0,-1.625,20.625,False
Tue Feb 14 11:48:17 2017,18.937,-1.562,20.499,False
Tue Feb 14 11:49:17 2017,18.812,-1.562,20.374,False
Tue Feb 14 11:50:17 2017,18.625,-1.562,20.187,False
Tue Feb 14 11:51:17 2017,18.437,-1.562,19.999,False
Tue Feb 14 11:52:17 2017,18.187,-1.562,19.749,False
Tue Feb 14 11:53:17 2017,18.0,-1.562,19.562,False
Tue Feb 14 11:54:17 2017,17.75,-1.562,19.312,False
Tue Feb 14 11:55:17 2017,17.5,-1.5,19.0,False
Tue Feb 14 11:56:17 2017,17.125,-1.562,18.687,False
Tue Feb 14 11:57:17 2017,16.875,-1.562,18.437,False
Tue Feb 14 11:58:17 2017,16.562,-1.562,18.124,False
Tue Feb 14 11:59:17 2017,16.25,-1.562,17.812,False
Tue Feb 14 12:00:17 2017,15.937,-1.562,17.499,False
Tue Feb 14 12:01:17 2017,15.625,-1.5,17.125,False
Tue Feb 14 12:02:17 2017,15.312,-1.5,16.812,False
Tue Feb 14 12:03:17 2017,15.062,-1.5,16.562,False
Tue Feb 14 12:04:17 2017,14.75,-1.5,16.25,False
Tue Feb 14 12:05:17 2017,14.375,-1.5,15.875,False
Tue Feb 14 12:06:17 2017,14.062,-1.5,15.562,False
Tue Feb 14 12:07:17 2017,13.75,-1.5,15.25,False
Tue Feb 14 12:08:17 2017,13.375,-1.5,14.875,False
Tue Feb 14 12:09:17 2017,13.062,-1.5,14.562,False
Tue Feb 14 12:10:17 2017,12.812,-1.437,14.249,False
Tue Feb 14 12:11:17 2017,12.625,-1.437,14.062,False
Tue Feb 14 12:12:17 2017,12.375,-1.437,13.812,False
Tue Feb 14 12:13:17 2017,12.187,-1.437,13.624,False
Tue Feb 14 12:14:17 2017,11.937,-1.437,13.374,False
Tue Feb 14 12:15:17 2017,11.812,-1.437,13.249,False
Tue Feb 14 12:16:17 2017,11.625,-1.437,13.062,False
Tue Feb 14 12:17:17 2017,11.437,-1.437,12.874,False
Tue Feb 14 12:18:18 2017,11.25,-1.437,12.687,False
Tue Feb 14 12:19:18 2017,11.062,-1.437,12.499,False
Tue Feb 14 12:20:18 2017,10.812,-1.437,12.249,False
Tue Feb 14 12:21:18 2017,10.625,-1.437,12.062,False
Tue Feb 14 12:22:18 2017,10.5,-1.437,11.937,False
Tue Feb 14 12:23:18 2017,10.25,-1.437,11.687,False
Tue Feb 14 12:24:18 2017,10.187,-1.375,11.562,False
Tue Feb 14 12:25:18 2017,10.125,-1.375,11.5,False
Tue Feb 14 12:26:18 2017,10.062,-1.375,11.437,False
Tue Feb 14 12:27:18 2017,10.0,-1.375,11.375,False
Tue Feb 14 12:28:18 2017,9.937,-1.375,11.312,False
Tue Feb 14 12:29:18 2017,9.937,-1.375,11.312,False
Tue Feb 14 12:30:18 2017,10.0,-1.375,11.375,False
Tue Feb 14 12:31:18 2017,10.062,-1.375,11.437,False
Tue Feb 14 12:32:18 2017,10.125,-1.375,11.5,False
Tue Feb 14 12:33:18 2017,10.187,-1.375,11.562,False
Tue Feb 14 12:34:18 2017,10.187,-1.375,11.562,False
Tue Feb 14 12:35:18 2017,10.25,-1.312,11.562,False
Tue Feb 14 12:36:18 2017,10.312,-1.312,11.624,False
Tue Feb 14 12:37:18 2017,10.375,-1.312,11.687,False
Tue Feb 14 12:38:18 2017,10.437,-1.312,11.749,False
Tue Feb 14 12:39:18 2017,10.5,-1.375,11.875,False
Tue Feb 14 12:40:18 2017,10.5,-1.312,11.812,False
Tue Feb 14 12:41:18 2017,10.562,-1.312,11.874,False
Tue Feb 14 12:42:18 2017,10.5,-1.312,11.812,False
Tue Feb 14 12:43:18 2017,10.437,-1.312,11.749,False
Tue Feb 14 12:44:18 2017,10.375,-1.312,11.687,False
Tue Feb 14 12:45:18 2017,10.312,-1.312,11.624,False
Tue Feb 14 12:46:18 2017,10.187,-1.312,11.499,False
Tue Feb 14 12:47:18 2017,10.062,-1.25,11.312,False
Tue Feb 14 12:48:18 2017,9.937,-1.312,11.249,False
Tue Feb 14 12:49:18 2017,9.875,-1.25,11.125,False
Tue Feb 14 12:50:18 2017,9.687,-1.25,10.937,False
Tue Feb 14 12:51:18 2017,9.562,-1.25,10.812,False
Tue Feb 14 12:52:18 2017,9.437,-1.25,10.687,False
Tue Feb 14 12:53:18 2017,9.312,-1.25,10.562,False
Tue Feb 14 12:54:18 2017,9.187,-1.25,10.437,False
Tue Feb 14 12:55:18 2017,9.062,-1.25,10.312,False
Tue Feb 14 12:56:18 2017,8.937,-1.25,10.187,False
Tue Feb 14 12:57:18 2017,8.875,-1.25,10.125,False
Tue Feb 14 12:58:18 2017,8.75,-1.25,10.0,False
Tue Feb 14 12:59:18 2017,8.687,-1.25,9.937,False
Tue Feb 14 13:00:18 2017,8.562,-1.25,9.812,False
Tue Feb 14 13:01:18 2017,8.5,-1.25,9.75,False
Tue Feb 14 13:02:19 2017,8.375,-1.25,9.625,False
Tue Feb 14 13:03:19 2017,8.25,-1.187,9.437,False
Tue Feb 14 13:04:19 2017,8.125,-1.25,9.375,False
Tue Feb 14 13:05:19 2017,8.062,-1.187,9.249,False
Tue Feb 14 13:06:19 2017,7.937,-1.187,9.124,False
Tue Feb 14 13:07:19 2017,7.937,-1.187,9.124,False
Tue Feb 14 13:08:19 2017,7.812,-1.187,8.999,False
Tue Feb 14 13:09:19 2017,7.75,-1.187,8.937,False
Tue Feb 14 13:10:19 2017,7.625,-1.187,8.812,False
Tue Feb 14 13:11:19 2017,7.562,-1.187,8.749,False
Tue Feb 14 13:12:19 2017,7.5,-1.187,8.687,False
Tue Feb 14 13:13:19 2017,7.5,-1.187,8.687,False
Tue Feb 14 13:14:19 2017,7.437,-1.187,8.624,False
Tue Feb 14 13:15:19 2017,7.437,-1.187,8.624,False
Tue Feb 14 13:16:19 2017,7.437,-1.187,8.624,False
Tue Feb 14 13:17:19 2017,7.375,-1.187,8.562,False
Tue Feb 14 13:18:19 2017,7.375,-1.187,8.562,False
Tue Feb 14 13:19:19 2017,7.312,-1.125,8.437,False
Tue Feb 14 13:20:19 2017,7.25,-1.125,8.375,False
Tue Feb 14 13:21:19 2017,7.187,-1.125,8.312,False
Tue Feb 14 13:22:19 2017,7.125,-1.125,8.25,False
Tue Feb 14 13:23:19 2017,7.062,-1.125,8.187,False
Tue Feb 14 13:24:19 2017,7.0,-1.125,8.125,False
Tue Feb 14 13:25:19 2017,6.937,-1.125,8.062,False
Tue Feb 14 13:26:19 2017,6.875,-1.125,8.0,False
Tue Feb 14 13:27:19 2017,6.812,-1.125,7.937,False
Tue Feb 14 13:28:19 2017,6.75,-1.125,7.875,False
Tue Feb 14 13:29:19 2017,6.625,-1.125,7.75,False
Tue Feb 14 13:30:19 2017,6.562,-1.125,7.687,False
Tue Feb 14 13:31:19 2017,6.437,-1.125,7.562,False
Tue Feb 14 13:32:19 2017,6.375,-1.062,7.437,False
Tue Feb 14 13:33:19 2017,6.312,-1.062,7.374,False
Tue Feb 14 13:34:19 2017,6.25,-1.062,7.312,False
Tue Feb 14 13:35:19 2017,6.187,-1.062,7.249,False
Tue Feb 14 13:36:19 2017,6.187,-1.062,7.249,False
Tue Feb 14 13:37:19 2017,6.125,-1.062,7.187,False
Tue Feb 14 13:38:19 2017,6.062,-1.062,7.124,False
Tue Feb 14 13:39:19 2017,6.0,-1.062,7.062,False
Tue Feb 14 13:40:19 2017,5.937,-1.062,6.999,False
Tue Feb 14 13:41:19 2017,5.812,-1.062,6.874,False
Tue Feb 14 13:42:19 2017,5.75,-1.062,6.812,False
Tue Feb 14 13:43:19 2017,5.687,-1.062,6.749,False
Tue Feb 14 13:44:19 2017,5.687,-1.062,6.749,False
Tue Feb 14 13:45:19 2017,5.625,-1.062,6.687,False
Tue Feb 14 13:46:19 2017,5.625,-1.062,6.687,False
Tue Feb 14 13:47:19 2017,5.562,-1.062,6.624,False
Tue Feb 14 13:48:19 2017,5.625,-1.062,6.687,False
Tue Feb 14 13:49:19 2017,5.625,-1.062,6.687,False
Tue Feb 14 13:50:20 2017,5.687,-1.062,6.749,False
Tue Feb 14 13:51:20 2017,5.625,-1.0,6.625,False
Tue Feb 14 13:52:20 2017,5.687,-1.0,6.687,False
Tue Feb 14 13:53:20 2017,5.687,-1.062,6.749,False
Tue Feb 14 13:54:20 2017,5.75,-1.0,6.75,False
Tue Feb 14 13:55:20 2017,5.812,-1.062,6.874,False
Tue Feb 14 13:56:20 2017,5.875,-1.062,6.937,False
Tue Feb 14 13:57:20 2017,5.937,-1.0,6.937,False
Tue Feb 14 13:58:20 2017,6.062,-1.0,7.062,False
Tue Feb 14 13:59:20 2017,6.062,-1.0,7.062,False
Tue Feb 14 14:00:20 2017,6.125,-1.0,7.125,False
Tue Feb 14 14:01:20 2017,6.187,-1.0,7.187,False
Tue Feb 14 14:02:20 2017,6.312,-1.0,7.312,False
Tue Feb 14 14:03:20 2017,6.375,-1.0,7.375,False
Tue Feb 14 14:04:20 2017,6.5,-1.0,7.5,False
Tue Feb 14 14:05:20 2017,6.625,-1.0,7.625,False
Tue Feb 14 14:06:20 2017,6.687,-1.0,7.687,False
Tue Feb 14 14:07:20 2017,6.687,-1.0,7.687,False
Tue Feb 14 14:08:20 2017,6.812,-1.0,7.812,False
Tue Feb 14 14:09:20 2017,6.812,-0.937,7.749,False
Tue Feb 14 14:10:20 2017,6.937,-1.0,7.937,False
Tue Feb 14 14:11:20 2017,7.0,-0.937,7.937,False
Tue Feb 14 14:12:20 2017,7.062,-0.937,7.999,False
Tue Feb 14 14:13:20 2017,7.062,-0.937,7.999,False
Tue Feb 14 14:14:20 2017,7.125,-0.937,8.062,False
Tue Feb 14 14:15:20 2017,7.125,-0.937,8.062,False
Tue Feb 14 14:16:20 2017,7.187,-1.0,8.187,False
Tue Feb 14 14:17:20 2017,7.125,-0.937,8.062,False
Tue Feb 14 14:18:20 2017,7.125,-0.937,8.062,False
Tue Feb 14 14:19:20 2017,7.125,-0.937,8.062,False
Tue Feb 14 14:20:20 2017,7.125,-0.937,8.062,False
Tue Feb 14 14:21:20 2017,7.125,-0.937,8.062,False
Tue Feb 14 14:22:20 2017,7.125,-0.937,8.062,False
Tue Feb 14 14:23:20 2017,7.062,-0.937,7.999,False
Tue Feb 14 14:24:20 2017,7.0,-0.937,7.937,False
Tue Feb 14 14:25:20 2017,7.0,-0.937,7.937,False
Tue Feb 14 14:26:20 2017,6.937,-0.875,7.812,False
Tue Feb 14 14:27:20 2017,6.937,-0.937,7.874,False
Tue Feb 14 14:28:20 2017,6.875,-0.875,7.75,False
Tue Feb 14 14:29:21 2017,6.812,-0.937,7.749,False
Tue Feb 14 14:30:21 2017,6.75,-0.937,7.687,False
Tue Feb 14 14:31:21 2017,6.687,-0.937,7.624,False
Tue Feb 14 14:32:21 2017,6.625,-0.937,7.562,False
Tue Feb 14 14:33:21 2017,6.562,-0.875,7.437,False
Tue Feb 14 14:34:21 2017,6.5,-0.875,7.375,False
Tue Feb 14 14:35:21 2017,6.437,-0.937,7.374,False
Tue Feb 14 14:36:21 2017,6.375,-0.875,7.25,False
Tue Feb 14 14:37:21 2017,6.312,-0.875,7.187,False
Tue Feb 14 14:38:21 2017,6.312,-0.875,7.187,False
Tue Feb 14 14:39:21 2017,6.25,-0.875,7.125,False
Tue Feb 14 14:40:21 2017,6.187,-0.875,7.062,False
Tue Feb 14 14:41:21 2017,6.187,-0.875,7.062,False
Tue Feb 14 14:42:21 2017,6.125,-0.875,7.0,False
Tue Feb 14 14:43:21 2017,6.125,-0.875,7.0,False
Tue Feb 14 14:44:21 2017,6.125,-0.875,7.0,False
Tue Feb 14 14:45:21 2017,6.062,-0.875,6.937,False
Tue Feb 14 14:46:21 2017,6.062,-0.875,6.937,False
Tue Feb 14 14:47:21 2017,6.0,-0.875,6.875,False
Tue Feb 14 14:48:21 2017,5.937,-0.875,6.812,False
Tue Feb 14 14:49:21 2017,5.875,-0.875,6.75,False
Tue Feb 14 14:50:21 2017,5.812,-0.812,6.624,False
Tue Feb 14 14:51:21 2017,5.75,-0.812,6.562,False
Tue Feb 14 14:52:21 2017,5.687,-0.812,6.499,False
Tue Feb 14 14:53:21 2017,5.562,-0.812,6.374,False
Tue Feb 14 14:54:21 2017,5.5,-0.812,6.312,False
Tue Feb 14 14:55:21 2017,5.375,-0.812,6.187,False
Tue Feb 14 14:56:21 2017,5.312,-0.812,6.124,False
Tue Feb 14 14:57:21 2017,5.187,-0.812,5.999,False
Tue Feb 14 14:58:21 2017,5.125,-0.812,5.937,False
Tue Feb 14 14:59:21 2017,5.0,-0.812,5.812,False
Tue Feb 14 15:00:21 2017,4.937,-0.812,5.749,False
Tue Feb 14 15:01:21 2017,4.875,-0.812,5.687,False
Tue Feb 14 15:02:21 2017,4.812,-0.812,5.624,False
Tue Feb 14 15:03:21 2017,4.75,-0.812,5.562,False
Tue Feb 14 15:04:21 2017,4.687,-0.812,5.499,False
Tue Feb 14 15:05:21 2017,4.625,-0.812,5.437,False
Tue Feb 14 15:06:21 2017,4.625,-0.812,5.437,False
Tue Feb 14 15:07:21 2017,4.562,-0.812,5.374,False
Tue Feb 14 15:08:21 2017,4.5,-0.812,5.312,False
Tue Feb 14 15:09:22 2017,4.5,-0.812,5.312,False
Tue Feb 14 15:10:22 2017,4.5,-0.812,5.312,False
Tue Feb 14 15:11:22 2017,4.5,-0.812,5.312,False
Tue Feb 14 15:12:22 2017,4.5,-0.812,5.312,False
Tue Feb 14 15:13:22 2017,4.562,-0.812,5.374,False
Tue Feb 14 15:14:22 2017,4.562,-0.812,5.374,False
Tue Feb 14 15:15:22 2017,4.625,-0.812,5.437,False
Tue Feb 14 15:16:22 2017,4.75,-0.812,5.562,False
Tue Feb 14 15:17:22 2017,4.812,-0.812,5.624,False
Tue Feb 14 15:18:22 2017,4.875,-0.812,5.687,False
Tue Feb 14 15:19:22 2017,4.937,-0.75,5.687,False
Tue Feb 14 15:20:22 2017,5.062,-0.75,5.812,False
Tue Feb 14 15:21:22 2017,5.125,-0.75,5.875,False
Tue Feb 14 15:22:22 2017,5.25,-0.75,6.0,False
Tue Feb 14 15:23:22 2017,5.312,-0.75,6.062,False
Tue Feb 14 15:24:22 2017,5.375,-0.75,6.125,False
Tue Feb 14 15:25:22 2017,5.437,-0.75,6.187,False
Tue Feb 14 15:26:22 2017,5.437,-0.75,6.187,False
Tue Feb 14 15:27:22 2017,5.5,-0.75,6.25,False
Tue Feb 14 15:28:22 2017,5.5,-0.75,6.25,False
Tue Feb 14 15:29:22 2017,5.5,-0.75,6.25,False
Tue Feb 14 15:30:22 2017,5.5,-0.75,6.25,False
Tue Feb 14 15:31:22 2017,5.562,-0.75,6.312,False
Tue Feb 14 15:32:22 2017,5.5,-0.75,6.25,False
Tue Feb 14 15:33:22 2017,5.5,-0.75,6.25,False
Tue Feb 14 15:34:22 2017,5.437,-0.75,6.187,False
Tue Feb 14 15:35:22 2017,5.437,-0.75,6.187,False
Tue Feb 14 15:36:22 2017,5.437,-0.75,6.187,False
Tue Feb 14 15:37:22 2017,5.437,-0.75,6.187,False
Tue Feb 14 15:38:22 2017,5.375,-0.75,6.125,False
Tue Feb 14 15:39:22 2017,5.375,-0.75,6.125,False
Tue Feb 14 15:40:22 2017,5.375,-0.75,6.125,False
Tue Feb 14 15:41:22 2017,5.375,-0.75,6.125,False
Tue Feb 14 15:42:22 2017,5.375,-0.687,6.062,False
Tue Feb 14 15:43:22 2017,5.375,-0.75,6.125,False
Tue Feb 14 15:44:22 2017,5.375,-0.687,6.062,False
Tue Feb 14 15:45:22 2017,5.375,-0.687,6.062,False
Tue Feb 14 15:46:22 2017,5.437,-0.687,6.124,False
Tue Feb 14 15:47:22 2017,5.375,-0.687,6.062,False
Tue Feb 14 15:48:22 2017,5.437,-0.687,6.124,False
Tue Feb 14 15:49:22 2017,5.437,-0.75,6.187,False
Tue Feb 14 15:50:22 2017,5.437,-0.687,6.124,False
Tue Feb 14 15:51:22 2017,5.437,-0.687,6.124,False
Tue Feb 14 15:52:22 2017,5.5,-0.687,6.187,False
Tue Feb 14 15:53:22 2017,5.5,-0.687,6.187,False
Tue Feb 14 15:54:22 2017,5.562,-0.687,6.249,False
Tue Feb 14 15:55:22 2017,5.562,-0.687,6.249,False
Tue Feb 14 15:56:22 2017,5.625,-0.687,6.312,False
Tue Feb 14 15:57:22 2017,5.687,-0.687,6.374,False
Tue Feb 14 15:58:22 2017,5.687,-0.687,6.374,False
Tue Feb 14 15:59:22 2017,5.75,-0.687,6.437,False
Tue Feb 14 16:00:22 2017,5.75,-0.687,6.437,False
Tue Feb 14 16:01:22 2017,5.75,-0.687,6.437,False
Tue Feb 14 16:02:22 2017,5.75,-0.687,6.437,False
Tue Feb 14 16:03:23 2017,5.75,-0.687,6.437,False
Tue Feb 14 16:04:23 2017,5.75,-0.687,6.437,False
Tue Feb 14 16:05:23 2017,5.75,-0.687,6.437,False
Tue Feb 14 16:06:23 2017,5.687,-0.687,6.374,False
Tue Feb 14 16:07:23 2017,5.687,-0.687,6.374,False
Tue Feb 14 16:08:23 2017,5.625,-0.687,6.312,False
Tue Feb 14 16:09:23 2017,5.562,-0.687,6.249,False
Tue Feb 14 16:10:23 2017,5.437,-0.687,6.124,False
Tue Feb 14 16:11:23 2017,5.375,-0.687,6.062,False
Tue Feb 14 16:12:23 2017,5.312,-0.687,5.999,False
Tue Feb 14 16:13:23 2017,5.187,-0.687,5.874,False
Tue Feb 14 16:14:23 2017,5.187,-0.687,5.874,False
Tue Feb 14 16:15:23 2017,5.062,-0.687,5.749,False
Tue Feb 14 16:16:23 2017,5.0,-0.687,5.687,False
Tue Feb 14 16:17:23 2017,4.937,-0.625,5.562,False
Tue Feb 14 16:18:23 2017,4.875,-0.687,5.562,False
Tue Feb 14 16:19:23 2017,4.812,-0.687,5.499,False
Tue Feb 14 16:20:23 2017,4.75,-0.687,5.437,False
Tue Feb 14 16:21:23 2017,4.687,-0.687,5.374,False
Tue Feb 14 16:22:23 2017,4.625,-0.625,5.25,False
Tue Feb 14 16:23:23 2017,4.562,-0.687,5.249,False
Tue Feb 14 16:24:23 2017,4.5,-0.625,5.125,False
Tue Feb 14 16:25:23 2017,4.437,-0.625,5.062,False
Tue Feb 14 16:26:23 2017,4.375,-0.625,5.0,False
Tue Feb 14 16:27:23 2017,4.312,-0.625,4.937,False
Tue Feb 14 16:28:23 2017,4.187,-0.625,4.812,False
Tue Feb 14 16:29:23 2017,4.187,-0.625,4.812,False
Tue Feb 14 16:30:23 2017,4.062,-0.625,4.687,False
Tue Feb 14 16:31:23 2017,3.937,-0.625,4.562,False
Tue Feb 14 16:32:23 2017,3.875,-0.625,4.5,False
Tue Feb 14 16:33:23 2017,3.75,-0.625,4.375,False
Tue Feb 14 16:34:23 2017,3.625,-0.625,4.25,False
Tue Feb 14 16:35:23 2017,3.562,-0.625,4.187,False
Tue Feb 14 16:36:23 2017,3.437,-0.625,4.062,False
Tue Feb 14 16:37:23 2017,3.375,-0.625,4.0,False
Tue Feb 14 16:38:23 2017,3.25,-0.625,3.875,False
Tue Feb 14 16:39:23 2017,3.125,-0.625,3.75,False
Tue Feb 14 16:40:23 2017,3.062,-0.625,3.687,False
Tue Feb 14 16:41:23 2017,2.937,-0.625,3.562,False
Tue Feb 14 16:42:23 2017,2.812,-0.625,3.437,False
Tue Feb 14 16:43:23 2017,2.75,-0.625,3.375,False
Tue Feb 14 16:44:23 2017,2.625,-0.625,3.25,False
Tue Feb 14 16:45:23 2017,2.562,-0.625,3.187,False
Tue Feb 14 16:46:24 2017,2.437,-0.625,3.062,False
Tue Feb 14 16:47:24 2017,2.375,-0.625,3.0,False
Tue Feb 14 16:48:24 2017,2.312,-0.625,2.937,False
Tue Feb 14 16:49:24 2017,2.187,-0.625,2.812,False
Tue Feb 14 16:50:24 2017,2.125,-0.562,2.687,False
Tue Feb 14 16:51:24 2017,2.0,-0.625,2.625,False
Tue Feb 14 16:52:24 2017,2.0,-0.562,2.562,False
Tue Feb 14 16:53:24 2017,1.875,-0.625,2.5,False
Tue Feb 14 16:54:24 2017,1.812,-0.625,2.437,False
Tue Feb 14 16:55:24 2017,1.75,-0.625,2.375,False
Tue Feb 14 16:56:24 2017,1.625,-0.625,2.25,False
Tue Feb 14 16:57:24 2017,1.562,-0.562,2.124,False
Tue Feb 14 16:58:24 2017,1.5,-0.562,2.062,False
Tue Feb 14 16:59:24 2017,1.437,-0.562,1.999,False
Tue Feb 14 17:00:24 2017,1.312,-0.562,1.874,False
Tue Feb 14 17:01:24 2017,1.25,-0.562,1.812,False
Tue Feb 14 17:02:24 2017,1.187,-0.562,1.749,False
Tue Feb 14 17:03:24 2017,1.125,-0.562,1.687,False
Tue Feb 14 17:04:24 2017,1.062,-0.562,1.624,False
Tue Feb 14 17:05:24 2017,1.0,-0.562,1.562,False
Tue Feb 14 17:06:24 2017,0.937,-0.562,1.499,False
Tue Feb 14 17:07:24 2017,0.812,-0.562,1.374,False
Tue Feb 14 17:08:24 2017,0.75,-0.562,1.312,False
Tue Feb 14 17:09:24 2017,0.687,-0.562,1.249,False
Tue Feb 14 17:10:24 2017,0.625,-0.562,1.187,False
Tue Feb 14 17:11:24 2017,0.625,-0.562,1.187,False
Tue Feb 14 17:12:24 2017,0.562,-0.562,1.124,False
Tue Feb 14 17:13:24 2017,0.5,-0.562,1.062,False
Tue Feb 14 17:14:24 2017,0.437,-0.562,0.999,False
Tue Feb 14 17:15:24 2017,0.375,-0.562,0.937,False
Tue Feb 14 17:16:24 2017,0.312,-0.562,0.874,False
Tue Feb 14 17:17:24 2017,0.312,-0.562,0.874,False
Tue Feb 14 17:18:24 2017,0.25,-0.562,0.812,False
Tue Feb 14 17:19:24 2017,0.187,-0.562,0.749,False
Tue Feb 14 17:20:24 2017,0.125,-0.562,0.687,False
Tue Feb 14 17:21:24 2017,0.125,-0.562,0.687,False
Tue Feb 14 17:22:24 2017,0.062,-0.562,0.624,False
Tue Feb 14 17:23:24 2017,0.062,-0.562,0.624,False
Tue Feb 14 17:24:24 2017,0.0,-0.562,0.562,False
Tue Feb 14 17:25:24 2017,0.0,-0.562,0.562,False
Tue Feb 14 17:26:25 2017,-0.062,-0.562,0.5,False
Tue Feb 14 17:27:25 2017,-0.062,-0.562,0.5,False
Tue Feb 14 17:28:25 2017,-0.125,-0.562,0.437,False
Tue Feb 14 17:29:25 2017,-0.125,-0.562,0.437,False
Tue Feb 14 17:30:25 2017,-0.125,-0.562,0.437,False
Tue Feb 14 17:31:25 2017,-0.187,-0.562,0.375,False
Tue Feb 14 17:32:25 2017,-0.187,-0.562,0.375,False
Tue Feb 14 17:33:25 2017,-0.187,-0.5,0.313,False
Tue Feb 14 17:34:25 2017,-0.25,-0.5,0.25,False
Tue Feb 14 17:35:25 2017,-0.25,-0.5,0.25,False
Tue Feb 14 17:36:25 2017,-0.25,-0.562,0.312,False
Tue Feb 14 17:37:25 2017,-0.312,-0.5,0.188,False
Tue Feb 14 17:38:25 2017,-0.312,-0.5,0.188,False
Tue Feb 14 17:39:25 2017,-0.312,-0.5,0.188,False
Tue Feb 14 17:40:25 2017,-0.312,-0.5,0.188,False
Tue Feb 14 17:41:25 2017,-0.312,-0.562,0.25,False
Tue Feb 14 17:42:25 2017,-0.375,-0.562,0.187,False
Tue Feb 14 17:43:25 2017,-0.312,-0.5,0.188,False
Tue Feb 14 17:44:25 2017,-0.375,-0.5,0.125,False
Tue Feb 14 17:45:25 2017,-0.375,-0.5,0.125,False
Tue Feb 14 17:46:25 2017,-0.375,-0.5,0.125,False
Tue Feb 14 17:47:25 2017,-0.375,-0.5,0.125,False
Tue Feb 14 17:48:25 2017,-0.375,-0.562,0.187,False
Tue Feb 14 17:49:25 2017,-0.375,-0.5,0.125,False
Tue Feb 14 17:50:25 2017,-0.437,-0.562,0.125,False
Tue Feb 14 17:51:25 2017,-0.437,-0.562,0.125,False
Tue Feb 14 17:52:25 2017,-0.437,-0.5,0.063,False
Tue Feb 14 17:53:25 2017,-0.437,-0.5,0.063,False
Tue Feb 14 17:54:25 2017,-0.437,-0.5,0.063,False
Tue Feb 14 17:55:25 2017,-0.437,-0.5,0.063,False
Tue Feb 14 17:56:25 2017,-0.437,-0.5,0.063,False
Tue Feb 14 17:57:25 2017,-0.437,-0.5,0.063,False
Tue Feb 14 17:58:25 2017,-0.437,-0.5,0.063,False
Tue Feb 14 17:59:25 2017,-0.437,-0.5,0.063,False
Tue Feb 14 18:00:25 2017,-0.437,-0.5,0.063,False
Tue Feb 14 18:01:25 2017,-0.5,-0.5,0.0,False
Tue Feb 14 18:02:25 2017,-0.5,-0.5,0.0,False
Tue Feb 14 18:03:25 2017,-0.5,-0.5,0.0,False
Tue Feb 14 18:04:25 2017,-0.5,-0.5,0.0,False
Tue Feb 14 18:05:25 2017,-0.5,-0.5,0.0,False
Tue Feb 14 18:06:25 2017,-0.5,-0.5,0.0,False
Tue Feb 14 18:07:25 2017,-0.5,-0.5,0.0,False
Tue Feb 14 18:08:25 2017,-0.5,-0.5,0.0,False
Tue Feb 14 18:09:25 2017,-0.5,-0.5,0.0,False
Tue Feb 14 18:10:26 2017,-0.5,-0.437,0.063,False
Tue Feb 14 18:11:26 2017,-0.5,-0.5,0.0,False
Tue Feb 14 18:12:26 2017,-0.562,-0.5,0.062,False
Tue Feb 14 18:13:26 2017,-0.562,-0.5,0.062,False
Tue Feb 14 18:14:26 2017,-0.562,-0.5,0.062,False
Tue Feb 14 18:15:26 2017,-0.562,-0.437,0.125,False
Tue Feb 14 18:16:26 2017,-0.562,-0.437,0.125,False
Tue Feb 14 18:17:26 2017,-0.562,-0.437,0.125,False
Tue Feb 14 18:18:26 2017,-0.562,-0.437,0.125,False
Tue Feb 14 18:19:26 2017,-0.562,-0.437,0.125,False
Tue Feb 14 18:20:26 2017,-0.562,-0.437,0.125,False
Tue Feb 14 18:21:26 2017,-0.625,-0.437,0.188,False
Tue Feb 14 18:22:26 2017,-0.562,-0.437,0.125,False
Tue Feb 14 18:23:26 2017,-0.562,-0.437,0.125,False
Tue Feb 14 18:24:26 2017,-0.562,-0.437,0.125,False
Tue Feb 14 18:25:26 2017,-0.625,-0.437,0.188,False
Tue Feb 14 18:26:26 2017,-0.625,-0.437,0.188,False
Tue Feb 14 18:27:26 2017,-0.625,-0.437,0.188,False
Tue Feb 14 18:28:26 2017,-0.625,-0.437,0.188,False
Tue Feb 14 18:29:26 2017,-0.625,-0.437,0.188,False
Tue Feb 14 18:30:26 2017,-0.687,-0.5,0.187,False
Tue Feb 14 18:31:26 2017,-0.625,-0.562,0.063,False
Tue Feb 14 18:32:26 2017,-0.625,-0.562,0.063,False
Tue Feb 14 18:33:26 2017,-0.625,-0.562,0.063,False
Tue Feb 14 18:34:26 2017,-0.625,-0.562,0.063,False
Tue Feb 14 18:35:26 2017,-0.687,-0.5,0.187,False
Tue Feb 14 18:36:26 2017,-0.687,-0.562,0.125,False
Tue Feb 14 18:37:26 2017,-0.687,-0.562,0.125,False
Tue Feb 14 18:38:26 2017,-0.687,-0.562,0.125,False
Tue Feb 14 18:39:26 2017,-0.687,-0.562,0.125,False
Tue Feb 14 18:40:26 2017,-0.687,-0.562,0.125,False
Tue Feb 14 18:41:26 2017,-0.687,-0.562,0.125,False
Tue Feb 14 18:42:26 2017,-0.687,-0.562,0.125,False
Tue Feb 14 18:43:26 2017,-0.687,-0.625,0.062,False
Tue Feb 14 18:44:26 2017,-0.75,-0.625,0.125,False
Tue Feb 14 18:45:26 2017,-0.687,-0.687,0.0,False
Tue Feb 14 18:46:26 2017,-0.75,-0.625,0.125,False
Tue Feb 14 18:47:26 2017,-0.75,-0.625,0.125,False
Tue Feb 14 18:48:26 2017,-0.75,-0.625,0.125,False
Tue Feb 14 18:49:26 2017,-0.75,-0.562,0.188,False
Tue Feb 14 18:50:26 2017,-0.75,-0.625,0.125,False
Tue Feb 14 18:51:26 2017,-0.75,-0.625,0.125,False
Tue Feb 14 18:52:26 2017,-0.75,-0.625,0.125,False
Tue Feb 14 18:53:26 2017,-0.75,-0.625,0.125,False
Tue Feb 14 18:54:26 2017,-0.75,-0.625,0.125,False
Tue Feb 14 18:55:26 2017,-0.75,-0.625,0.125,False
Tue Feb 14 18:56:26 2017,-0.75,-0.625,0.125,False
Tue Feb 14 18:57:27 2017,-0.75,-0.687,0.063,False
Tue Feb 14 18:58:27 2017,-0.812,-0.687,0.125,False
Tue Feb 14 18:59:27 2017,-0.812,-0.687,0.125,False
Tue Feb 14 19:00:27 2017,-0.75,-0.625,0.125,False
Tue Feb 14 19:01:27 2017,-0.75,-0.625,0.125,False
Tue Feb 14 19:02:27 2017,-0.812,-0.625,0.187,False
Tue Feb 14 19:03:27 2017,-0.812,-0.625,0.187,False
Tue Feb 14 19:04:27 2017,-0.812,-0.687,0.125,False
Tue Feb 14 19:05:27 2017,-0.812,-0.687,0.125,False
Tue Feb 14 19:06:27 2017,-0.812,-0.625,0.187,False
Tue Feb 14 19:07:27 2017,-0.812,-0.687,0.125,False
Tue Feb 14 19:08:27 2017,-0.812,-0.625,0.187,False
Tue Feb 14 19:09:27 2017,-0.812,-0.625,0.187,False
Tue Feb 14 19:10:27 2017,-0.812,-0.687,0.125,False
Tue Feb 14 19:11:27 2017,-0.812,-0.687,0.125,False
Tue Feb 14 19:12:27 2017,-0.812,-0.625,0.187,False
Tue Feb 14 19:13:27 2017,-0.812,-0.625,0.187,False
Tue Feb 14 19:14:27 2017,-0.812,-0.625,0.187,False
Tue Feb 14 19:15:27 2017,-0.875,-0.625,0.25,False
Tue Feb 14 19:16:27 2017,-0.875,-0.625,0.25,False
Tue Feb 14 19:17:27 2017,-0.875,-0.562,0.313,False
Tue Feb 14 19:18:27 2017,-0.875,-0.562,0.313,False
Tue Feb 14 19:19:27 2017,-0.812,-0.562,0.25,False
Tue Feb 14 19:20:27 2017,-0.875,-0.562,0.313,False
Tue Feb 14 19:21:27 2017,-0.875,-0.562,0.313,False
Tue Feb 14 19:22:27 2017,-0.875,-0.5,0.375,False
Tue Feb 14 19:23:27 2017,-0.875,-0.562,0.313,False
Tue Feb 14 19:24:27 2017,-0.812,-0.5,0.312,False
Tue Feb 14 19:25:27 2017,-0.875,-0.5,0.375,False
Tue Feb 14 19:26:27 2017,-0.875,-0.5,0.375,False
Tue Feb 14 19:27:27 2017,-0.875,-0.5,0.375,False
Tue Feb 14 19:28:27 2017,-0.875,-0.5,0.375,False
Tue Feb 14 19:29:27 2017,-0.875,-0.5,0.375,False
Tue Feb 14 19:30:27 2017,-0.875,-0.5,0.375,False
Tue Feb 14 19:31:27 2017,-0.875,-0.5,0.375,False
Tue Feb 14 19:32:27 2017,-0.875,-0.5,0.375,False
Tue Feb 14 19:33:27 2017,-0.875,-0.562,0.313,False
Tue Feb 14 19:34:27 2017,-0.875,-0.562,0.313,False
Tue Feb 14 19:35:27 2017,-0.875,-0.562,0.313,False
Tue Feb 14 19:36:27 2017,-0.875,-0.562,0.313,False
Tue Feb 14 19:37:27 2017,-0.937,-0.562,0.375,False
Tue Feb 14 19:38:27 2017,-0.875,-0.625,0.25,False
Tue Feb 14 19:39:27 2017,-0.875,-0.625,0.25,False
Tue Feb 14 19:40:27 2017,-0.875,-0.625,0.25,False
Tue Feb 14 19:41:28 2017,-0.875,-0.625,0.25,False
Tue Feb 14 19:42:28 2017,-0.937,-0.625,0.312,False
Tue Feb 14 19:43:28 2017,-0.937,-0.562,0.375,False
Tue Feb 14 19:44:28 2017,-0.875,-0.562,0.313,False
Tue Feb 14 19:45:28 2017,-0.937,-0.625,0.312,False
Tue Feb 14 19:46:28 2017,-0.937,-0.562,0.375,False
Tue Feb 14 19:47:28 2017,-0.875,-0.562,0.313,False
Tue Feb 14 19:48:28 2017,-0.937,-0.562,0.375,False
Tue Feb 14 19:49:28 2017,-0.937,-0.562,0.375,False
Tue Feb 14 19:50:28 2017,-0.937,-0.562,0.375,False
Tue Feb 14 19:51:28 2017,-0.937,-0.562,0.375,False
Tue Feb 14 19:52:28 2017,-0.937,-0.562,0.375,False
Tue Feb 14 19:53:28 2017,-0.937,-0.562,0.375,False
Tue Feb 14 19:54:28 2017,-0.937,-0.625,0.312,False
Tue Feb 14 19:55:28 2017,-0.937,-0.625,0.312,False
Tue Feb 14 19:56:28 2017,-0.937,-0.625,0.312,False
Tue Feb 14 19:57:28 2017,-0.937,-0.687,0.25,False
Tue Feb 14 19:58:28 2017,-0.937,-0.687,0.25,False
Tue Feb 14 19:59:28 2017,-0.937,-0.687,0.25,False
Tue Feb 14 20:00:28 2017,-0.937,-0.687,0.25,False
Tue Feb 14 20:01:28 2017,-0.937,-0.625,0.312,False
Tue Feb 14 20:02:28 2017,-0.937,-0.687,0.25,False
Tue Feb 14 20:03:28 2017,-0.937,-0.625,0.312,False
Tue Feb 14 20:04:28 2017,-0.937,-0.625,0.312,False
Tue Feb 14 20:05:28 2017,-0.937,-0.625,0.312,False
Tue Feb 14 20:06:28 2017,-0.937,-0.625,0.312,False
Tue Feb 14 20:07:28 2017,-0.937,-0.625,0.312,False
Tue Feb 14 20:08:28 2017,-0.937,-0.625,0.312,False
Tue Feb 14 20:09:28 2017,-0.937,-0.625,0.312,False
Tue Feb 14 20:10:28 2017,-0.937,-0.687,0.25,False
Tue Feb 14 20:11:28 2017,-0.937,-0.625,0.312,False
Tue Feb 14 20:12:28 2017,-1.0,-0.687,0.313,False
Tue Feb 14 20:13:28 2017,-1.0,-0.687,0.313,False
Tue Feb 14 20:14:28 2017,-1.0,-0.687,0.313,False
Tue Feb 14 20:15:28 2017,-1.0,-0.687,0.313,False
Tue Feb 14 20:16:28 2017,-1.0,-0.687,0.313,False
Tue Feb 14 20:17:28 2017,-1.0,-0.687,0.313,False
Tue Feb 14 20:18:28 2017,-1.0,-0.687,0.313,False
Tue Feb 14 20:19:28 2017,-1.0,-0.687,0.313,False
Tue Feb 14 20:20:28 2017,-1.0,-0.687,0.313,False
Tue Feb 14 20:21:28 2017,-1.0,-0.687,0.313,False
Tue Feb 14 20:22:28 2017,-1.0,-0.687,0.313,False
Tue Feb 14 20:23:28 2017,-1.0,-0.687,0.313,False
Tue Feb 14 20:24:28 2017,-1.0,-0.687,0.313,False
Tue Feb 14 20:25:29 2017,-1.062,-0.687,0.375,False
Tue Feb 14 20:26:29 2017,-1.0,-0.687,0.313,False
Tue Feb 14 20:27:29 2017,-1.062,-0.75,0.312,False
Tue Feb 14 20:28:29 2017,-1.062,-0.687,0.375,False
Tue Feb 14 20:29:29 2017,-1.062,-0.687,0.375,False
Tue Feb 14 20:30:29 2017,-1.062,-0.687,0.375,False
Tue Feb 14 20:31:29 2017,-1.062,-0.625,0.437,False
Tue Feb 14 20:32:29 2017,-1.062,-0.625,0.437,False
Tue Feb 14 20:33:29 2017,-1.062,-0.687,0.375,False
Tue Feb 14 20:34:29 2017,-1.062,-0.687,0.375,False
Tue Feb 14 20:35:29 2017,-1.062,-0.625,0.437,False
Tue Feb 14 20:36:29 2017,-1.062,-0.687,0.375,False
Tue Feb 14 20:37:29 2017,-1.062,-0.687,0.375,False
Tue Feb 14 20:38:29 2017,-1.062,-0.687,0.375,False
Tue Feb 14 20:39:29 2017,-1.062,-0.687,0.375,False
Tue Feb 14 20:40:29 2017,-1.062,-0.687,0.375,False
Tue Feb 14 20:41:29 2017,-1.062,-0.687,0.375,False
Tue Feb 14 20:42:29 2017,-1.062,-0.687,0.375,False
Tue Feb 14 20:43:29 2017,-1.062,-0.687,0.375,False
Tue Feb 14 20:44:29 2017,-1.062,-0.687,0.375,False
Tue Feb 14 20:45:29 2017,-1.062,-0.687,0.375,False
Tue Feb 14 20:46:29 2017,-1.062,-0.687,0.375,False
Tue Feb 14 20:47:29 2017,-1.125,-0.687,0.438,False
Tue Feb 14 20:48:29 2017,-1.125,-0.75,0.375,False
Tue Feb 14 20:49:29 2017,-1.062,-0.75,0.312,False
Tue Feb 14 20:50:29 2017,-1.062,-0.687,0.375,False
Tue Feb 14 20:51:29 2017,-1.125,-0.687,0.438,False
Tue Feb 14 20:52:29 2017,-1.125,-0.687,0.438,False
Tue Feb 14 20:53:29 2017,-1.062,-0.687,0.375,False
Tue Feb 14 20:54:29 2017,-1.125,-0.687,0.438,False
Tue Feb 14 20:55:29 2017,-1.062,-0.687,0.375,False
Tue Feb 14 20:56:29 2017,-1.125,-0.687,0.438,False
Tue Feb 14 20:57:29 2017,-1.125,-0.75,0.375,False
Tue Feb 14 20:58:29 2017,-1.125,-0.75,0.375,False
Tue Feb 14 20:59:29 2017,-1.125,-0.687,0.438,False
Tue Feb 14 21:00:29 2017,-1.125,-0.75,0.375,False
Tue Feb 14 21:01:30 2017,-1.125,-0.75,0.375,False
Tue Feb 14 21:02:30 2017,-1.125,-0.75,0.375,False
Tue Feb 14 21:03:30 2017,-1.125,-0.75,0.375,False
Tue Feb 14 21:04:30 2017,-1.125,-0.75,0.375,False
Tue Feb 14 21:05:30 2017,-1.125,-0.75,0.375,False
Tue Feb 14 21:06:30 2017,-1.125,-0.812,0.313,False
Tue Feb 14 21:07:30 2017,-1.125,-0.812,0.313,False
Tue Feb 14 21:08:30 2017,-1.125,-0.812,0.313,False
Tue Feb 14 21:09:30 2017,-1.125,-0.875,0.25,False
Tue Feb 14 21:10:30 2017,-1.125,-0.875,0.25,False
Tue Feb 14 21:11:30 2017,-1.187,-0.875,0.312,False
Tue Feb 14 21:12:30 2017,-1.187,-0.875,0.312,False
Tue Feb 14 21:13:30 2017,-1.187,-0.875,0.312,False
Tue Feb 14 21:14:30 2017,-1.187,-0.875,0.312,False
Tue Feb 14 21:15:30 2017,-1.187,-0.875,0.312,False
Tue Feb 14 21:16:30 2017,-1.187,-0.875,0.312,False
Tue Feb 14 21:17:30 2017,-1.187,-0.812,0.375,False
Tue Feb 14 21:18:30 2017,-1.187,-0.875,0.312,False
Tue Feb 14 21:19:30 2017,-1.187,-0.875,0.312,False
Tue Feb 14 21:20:30 2017,-1.187,-0.812,0.375,False
Tue Feb 14 21:21:30 2017,-1.187,-0.812,0.375,False
Tue Feb 14 21:22:30 2017,-1.187,-0.875,0.312,False
Tue Feb 14 21:23:30 2017,-1.25,-0.875,0.375,False
Tue Feb 14 21:24:30 2017,-1.25,-0.937,0.313,False
Tue Feb 14 21:25:30 2017,-1.25,-0.937,0.313,False
Tue Feb 14 21:26:30 2017,-1.25,-0.937,0.313,False
Tue Feb 14 21:27:30 2017,-1.25,-1.0,0.25,False
Tue Feb 14 21:28:30 2017,-1.25,-1.0,0.25,False
Tue Feb 14 21:29:30 2017,-1.25,-0.937,0.313,False
Tue Feb 14 21:30:30 2017,-1.25,-1.0,0.25,False
Tue Feb 14 21:31:30 2017,-1.25,-1.0,0.25,False
Tue Feb 14 21:32:30 2017,-1.25,-1.0,0.25,False
Tue Feb 14 21:33:30 2017,-1.25,-1.0,0.25,False
Tue Feb 14 21:34:30 2017,-1.25,-1.0,0.25,False
Tue Feb 14 21:35:30 2017,-1.25,-1.0,0.25,False
Tue Feb 14 21:36:30 2017,-1.25,-1.0,0.25,False
Tue Feb 14 21:37:30 2017,-1.312,-1.062,0.25,False
Tue Feb 14 21:38:30 2017,-1.25,-1.062,0.188,False
Tue Feb 14 21:39:30 2017,-1.312,-1.062,0.25,False
Tue Feb 14 21:40:31 2017,-1.312,-1.062,0.25,False
Tue Feb 14 21:41:31 2017,-1.312,-1.062,0.25,False
Tue Feb 14 21:42:31 2017,-1.312,-1.062,0.25,False
Tue Feb 14 21:43:31 2017,-1.312,-1.062,0.25,False
Tue Feb 14 21:44:31 2017,-1.312,-1.062,0.25,False
Tue Feb 14 21:45:31 2017,-1.312,-1.125,0.187,False
Tue Feb 14 21:46:31 2017,-1.312,-1.062,0.25,False
Tue Feb 14 21:47:31 2017,-1.312,-1.062,0.25,False
Tue Feb 14 21:48:31 2017,-1.312,-1.062,0.25,False
Tue Feb 14 21:49:31 2017,-1.375,-1.125,0.25,False
Tue Feb 14 21:50:31 2017,-1.375,-1.125,0.25,False
Tue Feb 14 21:51:31 2017,-1.312,-1.062,0.25,False
Tue Feb 14 21:52:31 2017,-1.312,-1.062,0.25,False
Tue Feb 14 21:53:31 2017,-1.375,-1.062,0.313,False
Tue Feb 14 21:54:31 2017,-1.375,-1.125,0.25,False
Tue Feb 14 21:55:31 2017,-1.375,-1.125,0.25,False
Tue Feb 14 21:56:31 2017,-1.375,-1.125,0.25,False
Tue Feb 14 21:57:31 2017,-1.375,-1.125,0.25,False
Tue Feb 14 21:58:31 2017,-1.375,-1.125,0.25,False
Tue Feb 14 21:59:31 2017,-1.375,-1.125,0.25,False
Tue Feb 14 22:00:31 2017,-1.375,-1.125,0.25,False
Tue Feb 14 22:01:31 2017,-1.375,-1.125,0.25,False
Tue Feb 14 22:02:31 2017,-1.375,-1.125,0.25,False
Tue Feb 14 22:03:31 2017,-1.375,-1.125,0.25,False
Tue Feb 14 22:04:31 2017,-1.375,-1.125,0.25,False
Tue Feb 14 22:05:31 2017,-1.437,-1.125,0.312,False
Tue Feb 14 22:06:31 2017,-1.375,-1.125,0.25,False
Tue Feb 14 22:07:31 2017,-1.437,-1.125,0.312,False
Tue Feb 14 22:08:31 2017,-1.375,-1.125,0.25,False
Tue Feb 14 22:09:31 2017,-1.375,-1.125,0.25,False
Tue Feb 14 22:10:31 2017,-1.437,-1.187,0.25,False
Tue Feb 14 22:11:31 2017,-1.437,-1.125,0.312,False
Tue Feb 14 22:12:31 2017,-1.375,-1.125,0.25,False
Tue Feb 14 22:13:31 2017,-1.375,-1.125,0.25,False
Tue Feb 14 22:14:31 2017,-1.437,-1.187,0.25,False
Tue Feb 14 22:15:31 2017,-1.437,-1.187,0.25,False
Tue Feb 14 22:16:31 2017,-1.437,-1.187,0.25,False
Tue Feb 14 22:17:31 2017,-1.437,-1.125,0.312,False
Tue Feb 14 22:18:31 2017,-1.437,-1.187,0.25,False
Tue Feb 14 22:19:31 2017,-1.437,-1.187,0.25,False
Tue Feb 14 22:20:31 2017,-1.437,-1.125,0.312,False
Tue Feb 14 22:21:31 2017,-1.437,-1.125,0.312,False
Tue Feb 14 22:22:32 2017,-1.437,-1.187,0.25,False
Tue Feb 14 22:23:32 2017,-1.437,-1.187,0.25,False
Tue Feb 14 22:24:32 2017,-1.437,-1.187,0.25,False
Tue Feb 14 22:25:32 2017,-1.437,-1.187,0.25,False
Tue Feb 14 22:26:32 2017,-1.437,-1.187,0.25,False
Tue Feb 14 22:27:32 2017,-1.5,-1.187,0.313,False
Tue Feb 14 22:28:32 2017,-1.437,-1.187,0.25,False
Tue Feb 14 22:29:32 2017,-1.5,-1.187,0.313,False
Tue Feb 14 22:30:32 2017,-1.437,-1.187,0.25,False
Tue Feb 14 22:31:32 2017,-1.437,-1.187,0.25,False
Tue Feb 14 22:32:32 2017,-1.437,-1.187,0.25,False
Tue Feb 14 22:33:32 2017,-1.5,-1.187,0.313,False
Tue Feb 14 22:34:32 2017,-1.5,-1.25,0.25,False
Tue Feb 14 22:35:32 2017,-1.437,-1.187,0.25,False
Tue Feb 14 22:36:32 2017,-1.5,-1.187,0.313,False
Tue Feb 14 22:37:32 2017,-1.5,-1.25,0.25,False
Tue Feb 14 22:38:32 2017,-1.5,-1.187,0.313,False
Tue Feb 14 22:39:32 2017,-1.5,-1.25,0.25,False
Tue Feb 14 22:40:32 2017,-1.5,-1.25,0.25,False
Tue Feb 14 22:41:32 2017,-1.5,-1.187,0.313,False
Tue Feb 14 22:42:32 2017,-1.5,-1.187,0.313,False
Tue Feb 14 22:43:32 2017,-1.5,-1.25,0.25,False
Tue Feb 14 22:44:32 2017,-1.5,-1.25,0.25,False
Tue Feb 14 22:45:32 2017,-1.5,-1.25,0.25,False
Tue Feb 14 22:46:32 2017,-1.5,-1.25,0.25,False
Tue Feb 14 22:47:32 2017,-1.562,-1.25,0.312,False
Tue Feb 14 22:48:32 2017,-1.5,-1.25,0.25,False
Tue Feb 14 22:49:32 2017,-1.5,-1.25,0.25,False
Tue Feb 14 22:50:32 2017,-1.5,-1.25,0.25,False
Tue Feb 14 22:51:32 2017,-1.5,-1.25,0.25,False
Tue Feb 14 22:52:32 2017,-1.5,-1.25,0.25,False
Tue Feb 14 22:53:32 2017,-1.5,-1.25,0.25,False
Tue Feb 14 22:54:32 2017,-1.5,-1.25,0.25,False
Tue Feb 14 22:55:32 2017,-1.562,-1.25,0.312,False
Tue Feb 14 22:56:32 2017,-1.562,-1.25,0.312,False
Tue Feb 14 22:57:32 2017,-1.562,-1.25,0.312,False
Tue Feb 14 22:58:32 2017,-1.562,-1.25,0.312,False
Tue Feb 14 22:59:32 2017,-1.562,-1.25,0.312,False
Tue Feb 14 23:00:32 2017,-1.562,-1.25,0.312,False
Tue Feb 14 23:01:32 2017,-1.562,-1.312,0.25,False
Tue Feb 14 23:02:32 2017,-1.562,-1.25,0.312,False
Tue Feb 14 23:03:33 2017,-1.562,-1.25,0.312,False
Tue Feb 14 23:04:33 2017,-1.562,-1.25,0.312,False
Tue Feb 14 23:05:33 2017,-1.562,-1.25,0.312,False
Tue Feb 14 23:06:33 2017,-1.562,-1.312,0.25,False
Tue Feb 14 23:07:33 2017,-1.562,-1.25,0.312,False
Tue Feb 14 23:08:33 2017,-1.562,-1.312,0.25,False
Tue Feb 14 23:09:33 2017,-1.562,-1.25,0.312,False
Tue Feb 14 23:10:33 2017,-1.562,-1.312,0.25,False
Tue Feb 14 23:11:33 2017,-1.562,-1.312,0.25,False
Tue Feb 14 23:12:33 2017,-1.562,-1.312,0.25,False
Tue Feb 14 23:13:33 2017,-1.562,-1.312,0.25,False
Tue Feb 14 23:14:33 2017,-1.562,-1.312,0.25,False
Tue Feb 14 23:15:33 2017,-1.625,-1.312,0.313,False
Tue Feb 14 23:16:33 2017,-1.562,-1.312,0.25,False
Tue Feb 14 23:17:33 2017,-1.625,-1.312,0.313,False
Tue Feb 14 23:18:33 2017,-1.625,-1.312,0.313,False
Tue Feb 14 23:19:33 2017,-1.625,-1.312,0.313,False
Tue Feb 14 23:20:33 2017,-1.625,-1.312,0.313,False
Tue Feb 14 23:21:33 2017,-1.625,-1.312,0.313,False
Tue Feb 14 23:22:33 2017,-1.625,-1.312,0.313,False
Tue Feb 14 23:23:33 2017,-1.625,-1.312,0.313,False
Tue Feb 14 23:24:33 2017,-1.625,-1.312,0.313,False
Tue Feb 14 23:25:33 2017,-1.625,-1.312,0.313,False
Tue Feb 14 23:26:33 2017,-1.625,-1.312,0.313,False
Tue Feb 14 23:27:33 2017,-1.625,-1.312,0.313,False
Tue Feb 14 23:28:33 2017,-1.687,-1.312,0.375,False
Tue Feb 14 23:29:33 2017,-1.625,-1.312,0.313,False
Tue Feb 14 23:30:33 2017,-1.625,-1.312,0.313,False
Tue Feb 14 23:31:33 2017,-1.687,-1.312,0.375,False
Tue Feb 14 23:32:33 2017,-1.687,-1.312,0.375,False
Tue Feb 14 23:33:33 2017,-1.625,-1.375,0.25,False
Tue Feb 14 23:34:33 2017,-1.625,-1.375,0.25,False
Tue Feb 14 23:35:33 2017,-1.625,-1.312,0.313,False
Tue Feb 14 23:36:33 2017,-1.625,-1.312,0.313,False
Tue Feb 14 23:37:33 2017,-1.687,-1.375,0.312,False
Tue Feb 14 23:38:33 2017,-1.625,-1.312,0.313,False
Tue Feb 14 23:39:33 2017,-1.687,-1.375,0.312,False
Tue Feb 14 23:40:33 2017,-1.687,-1.375,0.312,False
Tue Feb 14 23:41:33 2017,-1.625,-1.375,0.25,False
Tue Feb 14 23:42:33 2017,-1.687,-1.375,0.312,False
Tue Feb 14 23:43:33 2017,-1.687,-1.375,0.312,False
Tue Feb 14 23:44:33 2017,-1.687,-1.375,0.312,False
Tue Feb 14 23:45:33 2017,-1.687,-1.375,0.312,False
Tue Feb 14 23:46:34 2017,-1.687,-1.375,0.312,False
Tue Feb 14 23:47:34 2017,-1.687,-1.375,0.312,False
Tue Feb 14 23:48:34 2017,-1.687,-1.375,0.312,False
Tue Feb 14 23:49:34 2017,-1.687,-1.375,0.312,False
Tue Feb 14 23:50:34 2017,-1.687,-1.437,0.25,False
Tue Feb 14 23:51:34 2017,-1.687,-1.375,0.312,False
Tue Feb 14 23:52:34 2017,-1.687,-1.375,0.312,False
Tue Feb 14 23:53:34 2017,-1.687,-1.375,0.312,False
Tue Feb 14 23:54:34 2017,-1.687,-1.375,0.312,False
Tue Feb 14 23:55:34 2017,-1.687,-1.375,0.312,False
Tue Feb 14 23:56:34 2017,-1.687,-1.375,0.312,False
Tue Feb 14 23:57:34 2017,-1.687,-1.375,0.312,False
Tue Feb 14 23:58:34 2017,-1.687,-1.375,0.312,False
Tue Feb 14 23:59:34 2017,-1.687,-1.375,0.312,False
