Time,Date,Temperature 1,Temperature 2,Difference
22:7:0,17/10/2016,22.625,22.437,0.188
22:7:7,17/10/2016,22.625,22.437,0.188
22:7:14,17/10/2016,22.625,22.437,0.188
22:7:21,17/10/2016,22.625,22.437,0.188
22:7:28,17/10/2016,22.625,22.437,0.188
22:7:35,17/10/2016,22.625,22.437,0.188
22:7:42,17/10/2016,22.625,22.437,0.188
22:7:49,17/10/2016,22.625,22.437,0.188
22:7:55,17/10/2016,22.562,22.437,0.125
22:8:51,17/10/2016,22.562,22.437,0.125
22:8:58,17/10/2016,22.562,22.437,0.125
22:9:4,17/10/2016,22.562,22.437,0.125
22:9:11,17/10/2016,22.562,22.437,0.125
22:9:18,17/10/2016,22.562,22.437,0.125
22:9:25,17/10/2016,22.562,22.437,0.125
22:9:32,17/10/2016,22.562,22.437,0.125
22:9:39,17/10/2016,22.562,22.437,0.125
22:9:46,17/10/2016,22.625,22.5,0.125
22:9:53,17/10/2016,22.625,22.5,0.125
22:9:58,17/10/2016,22.625,22.5,0.125
22:10:0,17/10/2016,22.625,22.5,0.125
22:10:2,17/10/2016,22.625,22.5,0.125
22:10:4,17/10/2016,22.625,22.5,0.125
22:10:6,17/10/2016,22.625,22.5,0.125
22:10:8,17/10/2016,22.625,22.5,0.125
22:10:10,17/10/2016,22.625,22.5,0.125
22:10:11,17/10/2016,22.625,22.5,0.125
22:10:14,17/10/2016,22.625,22.5,0.125
22:10:16,17/10/2016,22.625,22.5,0.125
22:10:18,17/10/2016,22.625,22.5,0.125
22:10:20,17/10/2016,22.625,22.5,0.125
22:10:22,17/10/2016,22.625,22.5,0.125
22:10:25,17/10/2016,22.625,22.5,0.125
22:10:26,17/10/2016,22.625,22.5,0.125
22:10:29,17/10/2016,22.625,22.5,0.125
22:10:31,17/10/2016,22.625,22.5,0.125
22:10:33,17/10/2016,22.625,22.5,0.125
22:10:35,17/10/2016,22.625,22.5,0.125
22:10:37,17/10/2016,22.625,22.5,0.125
22:10:39,17/10/2016,22.625,22.5,0.125
22:10:40,17/10/2016,22.625,22.5,0.125
22:10:42,17/10/2016,22.625,22.5,0.125
22:10:44,17/10/2016,22.625,22.5,0.125
22:10:47,17/10/2016,22.625,22.5,0.125
22:10:49,17/10/2016,22.625,22.5,0.125
22:10:51,17/10/2016,22.625,22.5,0.125
22:10:53,17/10/2016,22.625,22.5,0.125
22:10:54,17/10/2016,22.687,22.5,0.187
22:10:56,17/10/2016,22.687,22.5,0.187
22:10:58,17/10/2016,22.625,22.5,0.125
22:11:0,17/10/2016,22.625,22.5,0.125
22:11:2,17/10/2016,22.625,22.5,0.125
22:11:4,17/10/2016,22.687,22.5,0.187
22:11:6,17/10/2016,22.687,22.5,0.187
22:11:8,17/10/2016,22.687,22.5,0.187
22:11:10,17/10/2016,22.687,22.562,0.125
22:11:11,17/10/2016,22.687,22.5,0.187
22:11:13,17/10/2016,22.625,22.562,0.063
22:11:16,17/10/2016,22.687,22.5,0.187
22:11:19,17/10/2016,22.687,22.5,0.187
22:11:21,17/10/2016,22.687,22.5,0.187
22:11:23,17/10/2016,22.625,22.5,0.125
22:11:25,17/10/2016,22.687,22.5,0.187
22:11:26,17/10/2016,22.687,22.5,0.187
22:11:28,17/10/2016,22.687,22.5,0.187
22:11:30,17/10/2016,22.687,22.5,0.187
22:11:32,17/10/2016,22.687,22.5,0.187
22:11:35,17/10/2016,22.687,22.5,0.187
22:11:38,17/10/2016,22.687,22.5,0.187
22:11:40,17/10/2016,22.687,22.5,0.187
22:11:42,17/10/2016,22.687,22.562,0.125
22:11:43,17/10/2016,22.687,22.5,0.187
22:11:45,17/10/2016,22.687,22.5,0.187
22:11:47,17/10/2016,22.687,22.5,0.187
22:11:49,17/10/2016,22.687,22.5,0.187
22:11:52,17/10/2016,22.687,22.5,0.187
22:11:54,17/10/2016,22.687,22.5,0.187
22:11:56,17/10/2016,22.687,22.5,0.187
22:11:58,17/10/2016,22.687,22.562,0.125
22:12:0,17/10/2016,22.687,22.5,0.187
22:12:2,17/10/2016,22.687,22.562,0.125
22:12:4,17/10/2016,22.687,22.5,0.187
22:12:5,17/10/2016,22.687,22.562,0.125
22:12:7,17/10/2016,22.687,22.562,0.125
22:12:11,17/10/2016,22.687,22.562,0.125
22:12:13,17/10/2016,22.687,22.5,0.187
22:12:15,17/10/2016,22.687,22.562,0.125
22:12:17,17/10/2016,22.687,22.562,0.125
22:12:18,17/10/2016,22.687,22.5,0.187
22:12:20,17/10/2016,22.687,22.562,0.125
22:12:22,17/10/2016,22.687,22.562,0.125
22:12:24,17/10/2016,22.687,22.562,0.125
22:12:26,17/10/2016,22.687,22.562,0.125
22:12:29,17/10/2016,22.687,22.562,0.125
22:12:31,17/10/2016,22.687,22.5,0.187
22:18:10,17/10/2016,22.5,22.312,0.188
22:18:22,17/10/2016,22.5,22.312,0.188
22:18:34,17/10/2016,22.5,22.312,0.188
22:18:46,17/10/2016,22.437,22.312,0.125
22:18:57,17/10/2016,22.437,22.312,0.125
22:19:9,17/10/2016,22.437,22.312,0.125
22:19:21,17/10/2016,22.437,22.312,0.125
22:20:11,17/10/2016,22.437,22.312,0.125
22:20:22,17/10/2016,22.437,22.312,0.125
22:20:34,17/10/2016,22.437,22.312,0.125
22:20:46,17/10/2016,22.437,22.312,0.125
22:20:57,17/10/2016,22.437,22.312,0.125
22:21:9,17/10/2016,22.437,22.312,0.125
22:21:21,17/10/2016,22.437,22.312,0.125
22:21:34,17/10/2016,22.437,22.312,0.125
22:22:13,17/10/2016,22.437,22.312,0.125
22:22:15,17/10/2016,22.437,22.312,0.125
22:22:17,17/10/2016,22.437,22.312,0.125
22:22:19,17/10/2016,22.437,22.312,0.125
22:22:20,17/10/2016,22.437,22.312,0.125
22:22:22,17/10/2016,22.437,22.312,0.125
22:22:24,17/10/2016,22.437,22.25,0.187
22:22:26,17/10/2016,22.437,22.25,0.187
22:22:28,17/10/2016,22.375,22.25,0.125
22:22:29,17/10/2016,22.375,22.25,0.125
22:22:31,17/10/2016,22.375,22.25,0.125
22:22:33,17/10/2016,22.375,22.25,0.125
22:22:35,17/10/2016,22.375,22.25,0.125
22:22:37,17/10/2016,22.375,22.25,0.125
22:22:39,17/10/2016,22.375,22.25,0.125
22:22:40,17/10/2016,22.437,22.25,0.187
22:22:42,17/10/2016,22.437,22.312,0.125
22:22:44,17/10/2016,22.437,22.312,0.125
22:22:46,17/10/2016,22.437,22.312,0.125
22:22:48,17/10/2016,22.437,22.312,0.125
22:22:50,17/10/2016,22.437,22.312,0.125
22:22:51,17/10/2016,22.437,22.312,0.125
22:22:53,17/10/2016,22.437,22.312,0.125
22:22:55,17/10/2016,22.437,22.312,0.125
22:22:57,17/10/2016,22.437,22.312,0.125
22:22:59,17/10/2016,22.5,22.312,0.188
22:23:0,17/10/2016,22.5,22.312,0.188
22:23:2,17/10/2016,22.5,22.312,0.188
22:23:4,17/10/2016,22.5,22.375,0.125
22:23:6,17/10/2016,22.5,22.375,0.125
22:23:8,17/10/2016,22.5,22.375,0.125
22:23:10,17/10/2016,22.562,22.375,0.187
22:23:12,17/10/2016,22.562,22.375,0.187
22:23:13,17/10/2016,22.562,22.375,0.187
22:23:15,17/10/2016,22.562,22.375,0.187
22:23:17,17/10/2016,22.562,22.437,0.125
22:23:19,17/10/2016,22.625,22.437,0.188
22:23:21,17/10/2016,22.625,22.437,0.188
22:23:23,17/10/2016,22.625,22.437,0.188
22:23:24,17/10/2016,22.625,22.437,0.188
22:23:26,17/10/2016,22.625,22.437,0.188
22:23:28,17/10/2016,22.625,22.437,0.188
22:23:30,17/10/2016,22.687,22.437,0.25
22:23:32,17/10/2016,22.687,22.437,0.25
22:23:34,17/10/2016,22.687,22.437,0.25
22:23:35,17/10/2016,22.687,22.5,0.187
22:23:37,17/10/2016,22.687,22.5,0.187
22:23:39,17/10/2016,22.687,22.5,0.187
22:23:41,17/10/2016,22.687,22.5,0.187
22:23:43,17/10/2016,22.75,22.5,0.25
22:23:45,17/10/2016,22.75,22.5,0.25
22:23:47,17/10/2016,22.75,22.562,0.188
22:23:48,17/10/2016,22.75,23.375,0.625
22:23:50,17/10/2016,22.75,24.687,1.937
22:23:52,17/10/2016,22.75,25.687,2.937
22:23:54,17/10/2016,22.875,26.125,3.25
22:23:56,17/10/2016,23.437,26.375,2.938
22:23:58,17/10/2016,23.812,26.562,2.75
22:24:0,17/10/2016,24.062,26.812,2.75
22:24:1,17/10/2016,24.187,26.875,2.688
22:24:3,17/10/2016,24.25,26.937,2.687
22:24:5,17/10/2016,24.25,26.937,2.687
22:24:7,17/10/2016,24.25,26.937,2.687
22:24:9,17/10/2016,24.25,26.937,2.687
22:24:11,17/10/2016,24.25,26.937,2.687
22:24:12,17/10/2016,24.25,26.875,2.625
22:24:14,17/10/2016,24.25,26.875,2.625
22:24:16,17/10/2016,24.187,26.812,2.625
22:24:18,17/10/2016,24.187,26.812,2.625
22:24:20,17/10/2016,24.187,26.75,2.563
22:24:22,17/10/2016,24.187,26.75,2.563
22:24:23,17/10/2016,24.187,26.687,2.5
22:24:25,17/10/2016,24.187,26.687,2.5
22:24:27,17/10/2016,24.125,26.625,2.5
22:24:29,17/10/2016,24.125,26.625,2.5
22:24:31,17/10/2016,24.125,26.625,2.5
22:24:33,17/10/2016,24.125,26.562,2.437
22:24:35,17/10/2016,24.125,26.562,2.437
22:24:37,17/10/2016,24.125,26.5,2.375
22:24:39,17/10/2016,24.125,26.5,2.375
22:24:41,17/10/2016,24.125,26.5,2.375
22:24:43,17/10/2016,24.125,26.437,2.312
22:24:44,17/10/2016,24.125,26.437,2.312
22:24:46,17/10/2016,24.125,26.437,2.312
22:24:48,17/10/2016,24.125,26.437,2.312
22:24:50,17/10/2016,24.062,26.375,2.313
22:24:52,17/10/2016,24.125,26.375,2.25
22:24:54,17/10/2016,24.062,26.375,2.313
22:24:55,17/10/2016,24.062,26.312,2.25
22:24:57,17/10/2016,24.062,26.312,2.25
22:24:59,17/10/2016,24.125,26.312,2.187
22:25:1,17/10/2016,24.125,26.25,2.125
22:25:3,17/10/2016,24.125,26.25,2.125
22:25:5,17/10/2016,24.125,26.187,2.062
22:25:7,17/10/2016,24.125,26.187,2.062
22:25:8,17/10/2016,24.125,26.187,2.062
22:25:10,17/10/2016,24.125,26.125,2.0
22:25:12,17/10/2016,24.125,26.125,2.0
22:25:15,17/10/2016,24.125,26.125,2.0
22:25:17,17/10/2016,24.125,26.125,2.0
22:25:19,17/10/2016,24.125,26.062,1.937
22:25:21,17/10/2016,24.125,26.062,1.937
22:25:23,17/10/2016,24.125,26.062,1.937
22:25:25,17/10/2016,24.125,26.062,1.937
22:25:26,17/10/2016,24.125,26.0,1.875
22:25:28,17/10/2016,24.125,26.0,1.875
22:25:30,17/10/2016,24.125,26.0,1.875
22:25:32,17/10/2016,24.125,25.937,1.812
22:25:34,17/10/2016,24.062,25.937,1.875
22:25:36,17/10/2016,24.062,25.937,1.875
22:25:37,17/10/2016,24.062,25.937,1.875
22:25:39,17/10/2016,24.062,25.875,1.813
22:25:41,17/10/2016,24.062,25.875,1.813
22:25:43,17/10/2016,24.062,25.875,1.813
22:25:45,17/10/2016,24.062,25.812,1.75
22:25:47,17/10/2016,24.062,25.812,1.75
22:25:49,17/10/2016,24.062,25.812,1.75
22:25:50,17/10/2016,24.062,25.75,1.688
22:25:52,17/10/2016,24.062,25.75,1.688
22:25:54,17/10/2016,24.062,25.75,1.688
22:25:56,17/10/2016,24.062,25.75,1.688
22:25:58,17/10/2016,24.062,25.75,1.688
22:26:0,17/10/2016,24.062,25.687,1.625
22:26:1,17/10/2016,24.062,25.687,1.625
22:26:3,17/10/2016,24.125,25.687,1.562
22:26:5,17/10/2016,24.125,25.687,1.562
22:26:7,17/10/2016,24.125,25.625,1.5
22:26:9,17/10/2016,24.125,25.625,1.5
22:26:11,17/10/2016,24.125,25.625,1.5
22:26:12,17/10/2016,24.125,25.625,1.5
22:26:14,17/10/2016,24.125,25.562,1.437
22:26:16,17/10/2016,24.125,25.562,1.437
22:26:18,17/10/2016,24.125,25.562,1.437
22:26:20,17/10/2016,24.125,25.5,1.375
22:26:22,17/10/2016,24.125,25.5,1.375
22:26:23,17/10/2016,24.125,25.5,1.375
22:26:26,17/10/2016,24.125,25.5,1.375
22:26:28,17/10/2016,24.125,25.5,1.375
22:26:31,17/10/2016,24.125,25.437,1.312
22:26:32,17/10/2016,24.125,25.437,1.312
22:26:34,17/10/2016,24.125,25.437,1.312
22:26:36,17/10/2016,24.125,25.437,1.312
22:26:38,17/10/2016,24.125,25.437,1.312
22:26:40,17/10/2016,24.125,25.375,1.25
22:26:42,17/10/2016,24.125,25.375,1.25
22:26:43,17/10/2016,24.125,25.375,1.25
22:26:46,17/10/2016,24.125,25.375,1.25
22:26:48,17/10/2016,24.125,25.375,1.25
22:26:51,17/10/2016,24.125,25.312,1.187
22:26:53,17/10/2016,24.125,25.312,1.187
22:26:54,17/10/2016,24.125,25.25,1.125
22:26:56,17/10/2016,24.125,25.25,1.125
22:26:58,17/10/2016,24.125,25.25,1.125
22:27:0,17/10/2016,24.125,25.25,1.125
22:27:2,17/10/2016,24.125,25.25,1.125
22:27:4,17/10/2016,24.125,25.187,1.062
22:27:5,17/10/2016,24.125,25.187,1.062
22:27:7,17/10/2016,24.125,25.187,1.062
22:27:9,17/10/2016,24.125,25.187,1.062
22:27:11,17/10/2016,24.125,25.187,1.062
22:27:13,17/10/2016,24.125,25.187,1.062
22:27:15,17/10/2016,24.125,25.125,1.0
22:27:17,17/10/2016,24.125,25.125,1.0
22:33:23,17/10/2016,22.5,22.812,0.312
22:33:35,17/10/2016,22.5,22.812,0.312
22:33:47,17/10/2016,22.437,23.062,0.625
22:33:50,17/10/2016,22.437,23.062,0.625
22:33:52,17/10/2016,22.437,23.062,0.625
22:33:53,17/10/2016,22.437,23.062,0.625
22:33:55,17/10/2016,22.437,23.062,0.625
22:33:57,17/10/2016,22.437,23.062,0.625
22:33:59,17/10/2016,22.5,23.062,0.562
22:34:1,17/10/2016,22.562,23.062,0.5
22:34:3,17/10/2016,22.812,23.062,0.25
22:34:4,17/10/2016,23.125,23.062,0.063
22:34:6,17/10/2016,23.375,23.062,0.313
22:34:8,17/10/2016,23.562,23.062,0.5
22:34:10,17/10/2016,23.625,23.062,0.563
22:34:12,17/10/2016,23.687,23.062,0.625
22:34:14,17/10/2016,23.687,23.062,0.625
22:34:16,17/10/2016,23.625,23.062,0.563
22:34:17,17/10/2016,23.625,23.062,0.563
22:34:21,17/10/2016,23.562,23.0,0.562
22:34:25,17/10/2016,23.5,23.0,0.5
22:34:29,17/10/2016,23.437,23.0,0.437
22:34:33,17/10/2016,23.437,23.0,0.437
22:34:37,17/10/2016,23.375,22.937,0.438
22:34:49,17/10/2016,23.25,22.937,0.313
22:35:1,17/10/2016,23.125,22.75,0.375
22:35:12,17/10/2016,22.562,22.437,0.125
22:35:15,17/10/2016,22.562,22.437,0.125
22:35:17,17/10/2016,22.562,22.437,0.125
22:35:19,17/10/2016,22.5,22.437,0.063
22:35:21,17/10/2016,22.5,22.437,0.063
22:35:23,17/10/2016,22.5,22.437,0.063
22:35:25,17/10/2016,22.5,22.437,0.063
22:35:27,17/10/2016,22.5,22.375,0.125
22:35:29,17/10/2016,22.5,22.375,0.125
22:35:31,17/10/2016,22.5,22.375,0.125
22:35:33,17/10/2016,22.5,22.375,0.125
22:35:35,17/10/2016,22.5,22.375,0.125
22:35:36,17/10/2016,22.5,22.375,0.125
22:35:38,17/10/2016,22.5,22.375,0.125
22:35:40,17/10/2016,22.437,22.375,0.062
22:35:42,17/10/2016,22.5,22.375,0.125
22:35:44,17/10/2016,22.437,22.375,0.062
22:35:46,17/10/2016,22.5,22.375,0.125
22:35:47,17/10/2016,22.437,22.375,0.062
22:35:49,17/10/2016,22.5,22.375,0.125
22:35:51,17/10/2016,22.437,22.375,0.062
22:35:53,17/10/2016,22.437,22.375,0.062
22:35:55,17/10/2016,22.437,22.375,0.062
22:35:57,17/10/2016,22.437,22.375,0.062
22:35:59,17/10/2016,22.437,22.375,0.062
22:36:1,17/10/2016,22.437,22.375,0.062
22:36:3,17/10/2016,22.437,22.375,0.062
22:36:5,17/10/2016,22.437,22.375,0.062
22:36:7,17/10/2016,22.437,22.375,0.062
22:36:9,17/10/2016,22.437,22.375,0.062
22:36:11,17/10/2016,22.437,22.375,0.062
22:36:12,17/10/2016,22.437,22.375,0.062
22:36:16,17/10/2016,22.437,22.375,0.062
22:36:18,17/10/2016,22.437,22.375,0.062
22:36:20,17/10/2016,22.437,22.375,0.062
22:36:22,17/10/2016,22.437,22.375,0.062
22:36:24,17/10/2016,22.437,22.375,0.062
22:36:25,17/10/2016,22.437,22.375,0.062
22:36:27,17/10/2016,22.437,22.375,0.062
22:36:29,17/10/2016,22.437,22.375,0.062
22:36:31,17/10/2016,22.437,22.375,0.062
22:36:34,17/10/2016,22.437,22.375,0.062
22:36:36,17/10/2016,22.437,22.375,0.062
22:36:39,17/10/2016,22.437,22.375,0.062
22:36:41,17/10/2016,22.437,22.375,0.062
22:36:43,17/10/2016,22.437,22.375,0.062
22:36:44,17/10/2016,22.437,22.375,0.062
22:36:47,17/10/2016,22.437,22.375,0.062
22:36:49,17/10/2016,22.437,22.375,0.062
22:36:51,17/10/2016,22.437,22.375,0.062
22:36:54,17/10/2016,22.437,22.375,0.062
22:36:55,17/10/2016,22.437,22.375,0.062
22:36:57,17/10/2016,22.437,22.375,0.062
22:36:59,17/10/2016,22.437,22.375,0.062
22:37:5,17/10/2016,22.437,22.312,0.125
22:37:8,17/10/2016,22.375,22.375,0.0
22:37:10,17/10/2016,22.437,22.375,0.062
22:37:12,17/10/2016,22.375,22.375,0.0
22:37:14,17/10/2016,22.437,22.312,0.125
22:37:16,17/10/2016,22.437,22.312,0.125
22:37:17,17/10/2016,22.375,22.312,0.063
22:37:19,17/10/2016,22.437,22.312,0.125
22:37:21,17/10/2016,22.375,22.312,0.063
22:37:23,17/10/2016,22.375,22.312,0.063
22:37:25,17/10/2016,22.375,22.312,0.063
22:37:26,17/10/2016,22.375,22.312,0.063
22:37:28,17/10/2016,22.375,22.312,0.063
22:37:30,17/10/2016,22.375,22.312,0.063
22:37:32,17/10/2016,22.375,22.312,0.063
22:37:34,17/10/2016,22.375,22.312,0.063
22:37:36,17/10/2016,22.375,22.312,0.063
22:37:38,17/10/2016,22.375,22.312,0.063
22:37:40,17/10/2016,22.375,22.312,0.063
22:37:42,17/10/2016,22.375,22.312,0.063
22:37:44,17/10/2016,22.375,22.312,0.063
22:37:46,17/10/2016,22.375,22.312,0.063
22:37:48,17/10/2016,22.375,22.312,0.063
22:37:50,17/10/2016,22.375,22.312,0.063
13:8:43,19/10/2016,22.375,22.312,0.063
13:8:45,19/10/2016,22.375,22.312,0.063
13:8:46,19/10/2016,22.375,22.312,0.063
13:8:48,19/10/2016,22.375,22.312,0.063
13:8:50,19/10/2016,22.375,22.312,0.063
13:8:52,19/10/2016,22.375,22.312,0.063
13:8:54,19/10/2016,22.375,22.312,0.063
13:8:55,19/10/2016,22.375,22.312,0.063
13:8:57,19/10/2016,22.375,22.312,0.063
13:8:59,19/10/2016,22.375,22.312,0.063
13:9:1,19/10/2016,22.375,22.312,0.063
13:9:3,19/10/2016,22.375,22.312,0.063
13:9:5,19/10/2016,22.375,22.312,0.063
13:9:6,19/10/2016,22.375,22.312,0.063
13:9:8,19/10/2016,22.375,22.312,0.063
13:9:10,19/10/2016,22.375,22.312,0.063
13:9:12,19/10/2016,22.375,22.312,0.063
13:9:14,19/10/2016,22.375,22.312,0.063
13:9:16,19/10/2016,22.375,22.312,0.063
13:9:18,19/10/2016,22.375,22.312,0.063
13:9:20,19/10/2016,22.375,22.312,0.063
13:9:23,19/10/2016,22.375,22.312,0.063
13:9:25,19/10/2016,22.375,22.312,0.063
13:9:27,19/10/2016,22.375,22.312,0.063
13:9:29,19/10/2016,22.312,22.312,0.0
13:9:31,19/10/2016,22.375,22.25,0.125
13:9:33,19/10/2016,22.312,22.25,0.062
13:9:36,19/10/2016,22.312,22.25,0.062
13:9:38,19/10/2016,22.312,22.25,0.062
13:9:40,19/10/2016,22.312,22.25,0.062
13:9:42,19/10/2016,22.312,22.25,0.062
13:9:44,19/10/2016,22.375,22.25,0.125
13:9:46,19/10/2016,22.312,22.25,0.062
13:9:48,19/10/2016,22.312,22.25,0.062
13:9:50,19/10/2016,22.312,22.25,0.062
13:9:52,19/10/2016,22.312,22.25,0.062
13:9:54,19/10/2016,22.312,22.25,0.062
13:9:56,19/10/2016,22.312,22.25,0.062
13:9:58,19/10/2016,22.312,22.25,0.062
13:9:59,19/10/2016,22.312,22.25,0.062
13:10:1,19/10/2016,22.312,22.25,0.062
13:10:3,19/10/2016,22.312,22.25,0.062
13:10:5,19/10/2016,22.312,22.25,0.062
13:10:7,19/10/2016,22.312,22.25,0.062
13:10:9,19/10/2016,22.312,22.25,0.062
13:10:10,19/10/2016,22.312,22.25,0.062
13:10:12,19/10/2016,22.312,22.25,0.062
13:10:14,19/10/2016,22.312,22.25,0.062
13:10:16,19/10/2016,22.312,22.25,0.062
13:10:18,19/10/2016,22.312,22.25,0.062
13:10:20,19/10/2016,22.312,22.25,0.062
13:10:21,19/10/2016,22.312,22.25,0.062
13:10:23,19/10/2016,22.312,22.25,0.062
13:10:25,19/10/2016,22.312,22.25,0.062
13:10:27,19/10/2016,22.312,22.25,0.062
13:10:29,19/10/2016,22.312,22.25,0.062
13:10:32,19/10/2016,22.312,22.25,0.062
13:10:33,19/10/2016,22.25,22.25,0.0
13:10:35,19/10/2016,22.312,22.25,0.062
13:10:37,19/10/2016,22.312,22.25,0.062
13:10:41,19/10/2016,22.25,22.25,0.0
13:10:42,19/10/2016,22.312,22.25,0.062
13:10:44,19/10/2016,22.312,22.25,0.062
13:10:46,19/10/2016,22.312,22.25,0.062
13:10:48,19/10/2016,22.25,22.25,0.0
13:10:50,19/10/2016,22.312,22.187,0.125
13:10:52,19/10/2016,22.25,22.187,0.063
13:10:54,19/10/2016,22.25,22.187,0.063
13:10:55,19/10/2016,22.25,22.187,0.063
13:10:57,19/10/2016,22.25,22.187,0.063
13:10:59,19/10/2016,22.25,22.187,0.063
13:11:1,19/10/2016,22.25,22.187,0.063
13:11:3,19/10/2016,22.25,22.187,0.063
13:11:5,19/10/2016,22.25,22.187,0.063
13:11:7,19/10/2016,22.25,22.187,0.063
13:11:8,19/10/2016,22.25,22.187,0.063
13:11:10,19/10/2016,22.25,22.187,0.063
13:11:12,19/10/2016,22.25,22.187,0.063
13:11:14,19/10/2016,22.25,22.187,0.063
13:11:16,19/10/2016,22.25,22.187,0.063
13:11:18,19/10/2016,22.25,22.187,0.063
13:11:20,19/10/2016,22.25,22.187,0.063
13:11:21,19/10/2016,22.25,22.187,0.063
13:11:23,19/10/2016,22.25,22.187,0.063
13:11:25,19/10/2016,22.25,22.187,0.063
13:11:27,19/10/2016,22.25,22.187,0.063
13:11:30,19/10/2016,22.25,22.187,0.063
13:11:31,19/10/2016,22.25,22.187,0.063
13:11:35,19/10/2016,22.25,22.187,0.063
13:11:37,19/10/2016,22.25,22.187,0.063
13:11:39,19/10/2016,22.25,22.187,0.063
13:11:41,19/10/2016,22.25,22.125,0.125
13:11:42,19/10/2016,22.25,22.187,0.063
13:11:44,19/10/2016,22.187,22.187,0.0
13:11:46,19/10/2016,22.187,22.187,0.0
13:11:48,19/10/2016,22.187,22.187,0.0
13:11:50,19/10/2016,22.187,22.125,0.062
13:11:54,19/10/2016,22.187,22.125,0.062
13:11:55,19/10/2016,22.187,22.125,0.062
13:11:57,19/10/2016,22.187,22.125,0.062
13:11:59,19/10/2016,22.187,22.125,0.062
13:12:1,19/10/2016,22.187,22.125,0.062
13:12:3,19/10/2016,22.187,22.125,0.062
13:12:5,19/10/2016,22.187,22.125,0.062
13:12:7,19/10/2016,22.187,22.125,0.062
13:12:8,19/10/2016,22.187,22.125,0.062
13:12:10,19/10/2016,22.187,22.125,0.062
13:12:12,19/10/2016,22.187,22.125,0.062
13:12:15,19/10/2016,22.187,22.125,0.062
13:12:17,19/10/2016,22.187,22.125,0.062
13:12:19,19/10/2016,22.187,22.125,0.062
13:12:22,19/10/2016,22.187,22.125,0.062
13:12:24,19/10/2016,22.187,22.125,0.062
13:12:26,19/10/2016,22.187,22.125,0.062
13:12:28,19/10/2016,22.187,22.125,0.062
13:12:30,19/10/2016,22.187,22.125,0.062
13:12:32,19/10/2016,22.187,22.125,0.062
13:12:37,19/10/2016,22.187,22.125,0.062
13:12:39,19/10/2016,22.187,22.125,0.062
13:12:41,19/10/2016,22.187,22.125,0.062
13:12:42,19/10/2016,22.187,22.062,0.125
13:12:45,19/10/2016,22.125,22.125,0.0
13:12:47,19/10/2016,22.125,22.125,0.0
13:12:49,19/10/2016,22.125,22.062,0.063
13:12:51,19/10/2016,22.125,22.062,0.063
13:12:53,19/10/2016,22.125,22.062,0.063
13:12:54,19/10/2016,22.125,22.062,0.063
13:12:56,19/10/2016,22.125,22.062,0.063
13:12:58,19/10/2016,22.125,22.062,0.063
13:13:0,19/10/2016,22.125,22.062,0.063
13:13:25,19/10/2016,22.062,22.0,0.062
13:13:27,19/10/2016,22.125,22.062,0.063
13:13:28,19/10/2016,22.125,22.062,0.063
13:13:30,19/10/2016,22.125,22.062,0.063
13:13:32,19/10/2016,22.062,22.062,0.0
13:13:34,19/10/2016,22.062,22.0,0.062
13:13:36,19/10/2016,22.062,22.062,0.0
13:13:38,19/10/2016,22.125,22.0,0.125
13:13:39,19/10/2016,22.125,22.0,0.125
13:13:41,19/10/2016,22.062,22.0,0.062
13:13:43,19/10/2016,22.062,22.0,0.062
13:13:47,19/10/2016,22.062,22.062,0.0
13:13:48,19/10/2016,22.062,22.0,0.062
13:13:50,19/10/2016,22.062,22.0,0.062
13:13:52,19/10/2016,22.062,22.0,0.062
13:13:54,19/10/2016,22.062,22.0,0.062
13:13:56,19/10/2016,22.062,22.0,0.062
13:13:59,19/10/2016,22.062,22.062,0.0
13:14:0,19/10/2016,22.062,22.0,0.062
13:14:2,19/10/2016,22.062,22.0,0.062
13:14:4,19/10/2016,22.062,22.0,0.062
13:14:6,19/10/2016,22.062,22.0,0.062
13:14:8,19/10/2016,22.062,22.0,0.062
13:14:10,19/10/2016,22.062,22.0,0.062
13:14:11,19/10/2016,22.062,22.0,0.062
13:14:13,19/10/2016,22.062,22.0,0.062
13:14:15,19/10/2016,22.062,22.0,0.062
13:14:17,19/10/2016,22.062,22.0,0.062
13:14:19,19/10/2016,22.062,22.0,0.062
13:14:22,19/10/2016,22.062,22.0,0.062
13:14:23,19/10/2016,22.062,22.0,0.062
13:14:25,19/10/2016,22.062,22.0,0.062
13:14:27,19/10/2016,22.062,22.0,0.062
13:14:29,19/10/2016,22.062,22.0,0.062
13:14:31,19/10/2016,22.0,21.937,0.063
13:14:32,19/10/2016,22.062,22.0,0.062
13:14:34,19/10/2016,22.0,22.0,0.0
13:14:37,19/10/2016,22.062,21.937,0.125
13:14:39,19/10/2016,22.062,22.0,0.062
13:14:42,19/10/2016,22.0,21.937,0.063
13:14:43,19/10/2016,22.0,21.937,0.063
13:14:45,19/10/2016,22.0,21.937,0.063
13:14:47,19/10/2016,22.0,21.937,0.063
13:14:49,19/10/2016,22.0,21.937,0.063
13:14:51,19/10/2016,22.0,21.937,0.063
13:14:53,19/10/2016,22.0,21.937,0.063
13:14:54,19/10/2016,22.0,21.937,0.063
13:14:56,19/10/2016,22.0,21.937,0.063
13:14:58,19/10/2016,22.0,21.937,0.063
13:15:0,19/10/2016,22.0,21.937,0.063
13:15:2,19/10/2016,22.0,21.937,0.063
13:15:34,19/10/2016,21.937,21.875,0.062
13:15:36,19/10/2016,21.937,21.875,0.062
13:15:38,19/10/2016,21.937,21.875,0.062
13:15:40,19/10/2016,21.937,21.875,0.062
13:15:42,19/10/2016,21.937,21.875,0.062
13:15:43,19/10/2016,21.937,21.875,0.062
13:15:45,19/10/2016,21.937,21.875,0.062
13:15:47,19/10/2016,21.937,21.875,0.062
13:15:49,19/10/2016,21.937,21.875,0.062
13:15:51,19/10/2016,21.937,21.875,0.062
13:15:53,19/10/2016,21.937,21.875,0.062
13:15:54,19/10/2016,21.937,21.875,0.062
13:15:56,19/10/2016,21.937,21.875,0.062
13:15:58,19/10/2016,21.937,21.875,0.062
13:16:0,19/10/2016,21.937,21.875,0.062
13:16:2,19/10/2016,21.937,21.875,0.062
13:16:4,19/10/2016,21.937,21.875,0.062
13:16:6,19/10/2016,21.937,21.875,0.062
13:16:7,19/10/2016,21.937,21.875,0.062
13:16:9,19/10/2016,21.937,21.875,0.062
13:16:11,19/10/2016,21.937,21.875,0.062
13:16:13,19/10/2016,21.937,21.875,0.062
13:16:16,19/10/2016,21.937,21.875,0.062
13:16:17,19/10/2016,21.937,21.875,0.062
13:16:19,19/10/2016,21.937,21.875,0.062
13:16:21,19/10/2016,21.937,21.875,0.062
13:16:23,19/10/2016,21.875,21.875,0.0
13:16:25,19/10/2016,21.875,21.812,0.063
13:16:27,19/10/2016,21.937,21.875,0.062
13:16:29,19/10/2016,21.875,21.875,0.0
13:16:30,19/10/2016,21.875,21.875,0.0
13:16:32,19/10/2016,21.875,21.812,0.063
13:16:34,19/10/2016,21.875,21.812,0.063
13:16:36,19/10/2016,21.875,21.812,0.063
13:16:38,19/10/2016,21.875,21.812,0.063
13:16:40,19/10/2016,21.875,21.812,0.063
13:16:41,19/10/2016,21.875,21.812,0.063
13:16:43,19/10/2016,21.875,21.812,0.063
13:16:45,19/10/2016,21.875,21.812,0.063
13:16:47,19/10/2016,21.875,21.812,0.063
13:16:49,19/10/2016,21.875,21.812,0.063
13:16:51,19/10/2016,21.875,21.812,0.063
13:16:53,19/10/2016,21.875,21.812,0.063
13:16:55,19/10/2016,21.875,21.812,0.063
13:16:58,19/10/2016,21.875,21.812,0.063
13:17:0,19/10/2016,21.875,21.812,0.063
13:17:2,19/10/2016,21.875,21.75,0.125
13:17:4,19/10/2016,21.875,21.812,0.063
13:17:6,19/10/2016,21.875,21.812,0.063
13:17:8,19/10/2016,21.875,21.75,0.125
13:17:10,19/10/2016,21.875,21.75,0.125
13:17:12,19/10/2016,21.875,21.75,0.125
13:17:13,19/10/2016,21.875,21.75,0.125
13:17:16,19/10/2016,21.875,21.75,0.125
13:17:19,19/10/2016,21.812,21.75,0.062
13:17:21,19/10/2016,21.812,21.75,0.062
13:17:23,19/10/2016,21.812,21.75,0.062
13:17:25,19/10/2016,21.812,21.75,0.062
13:17:27,19/10/2016,21.812,21.75,0.062
13:17:29,19/10/2016,21.812,21.75,0.062
13:17:31,19/10/2016,21.812,21.75,0.062
13:17:33,19/10/2016,21.812,21.75,0.062
13:17:35,19/10/2016,21.812,21.75,0.062
13:17:36,19/10/2016,21.812,21.75,0.062
13:17:38,19/10/2016,21.812,21.75,0.062
13:17:42,19/10/2016,21.812,21.75,0.062
13:17:44,19/10/2016,21.812,21.75,0.062
13:17:45,19/10/2016,21.75,21.75,0.0
13:17:48,19/10/2016,21.75,21.75,0.0
13:17:51,19/10/2016,21.75,21.75,0.0
13:17:53,19/10/2016,21.75,21.75,0.0
13:17:56,19/10/2016,21.75,21.75,0.0
13:17:58,19/10/2016,21.75,21.75,0.0
13:18:0,19/10/2016,21.75,21.687,0.063
13:18:2,19/10/2016,21.75,21.687,0.063
13:18:4,19/10/2016,21.75,21.687,0.063
13:18:5,19/10/2016,21.75,21.687,0.063
13:18:7,19/10/2016,21.75,21.687,0.063
13:18:9,19/10/2016,21.75,21.687,0.063
13:18:11,19/10/2016,21.75,21.687,0.063
13:18:13,19/10/2016,21.75,21.687,0.063
13:18:15,19/10/2016,21.75,21.687,0.063
13:18:17,19/10/2016,21.75,21.687,0.063
13:18:18,19/10/2016,21.75,21.687,0.063
13:18:20,19/10/2016,21.75,21.687,0.063
13:18:22,19/10/2016,21.75,21.687,0.063
13:18:24,19/10/2016,21.75,21.687,0.063
13:18:26,19/10/2016,21.75,21.687,0.063
13:18:28,19/10/2016,21.75,21.687,0.063
13:18:29,19/10/2016,21.75,21.687,0.063
13:18:31,19/10/2016,21.75,21.687,0.063
13:18:33,19/10/2016,21.75,21.687,0.063
13:18:35,19/10/2016,21.75,21.687,0.063
13:18:37,19/10/2016,21.75,21.687,0.063
13:18:39,19/10/2016,21.75,21.625,0.125
13:18:41,19/10/2016,21.687,21.687,0.0
13:18:43,19/10/2016,21.687,21.687,0.0
13:18:45,19/10/2016,21.687,21.687,0.0
13:18:47,19/10/2016,21.687,21.625,0.062
13:18:49,19/10/2016,21.75,21.625,0.125
13:18:51,19/10/2016,21.75,21.625,0.125
13:18:52,19/10/2016,21.687,21.625,0.062
13:18:55,19/10/2016,21.687,21.687,0.0
13:18:57,19/10/2016,21.687,21.625,0.062
13:18:59,19/10/2016,21.687,21.625,0.062
13:19:1,19/10/2016,21.687,21.625,0.062
13:19:3,19/10/2016,21.687,21.625,0.062
13:19:6,19/10/2016,21.687,21.625,0.062
13:19:8,19/10/2016,21.687,21.625,0.062
13:19:10,19/10/2016,21.687,21.625,0.062
13:19:12,19/10/2016,21.687,21.625,0.062
13:19:14,19/10/2016,21.625,21.625,0.0
13:19:16,19/10/2016,21.625,21.625,0.0
13:19:19,19/10/2016,21.625,21.625,0.0
13:19:21,19/10/2016,21.625,21.562,0.063
13:19:23,19/10/2016,21.625,21.625,0.0
13:19:25,19/10/2016,21.625,21.562,0.063
13:19:28,19/10/2016,21.625,21.562,0.063
13:19:30,19/10/2016,21.625,21.562,0.063
13:19:32,19/10/2016,21.625,21.562,0.063
13:19:34,19/10/2016,21.625,21.562,0.063
13:19:36,19/10/2016,21.625,21.562,0.063
13:19:38,19/10/2016,21.625,21.562,0.063
13:19:41,19/10/2016,21.625,21.562,0.063
13:19:42,19/10/2016,21.625,21.562,0.063
13:19:45,19/10/2016,21.625,21.562,0.063
13:19:47,19/10/2016,21.625,21.562,0.063
13:19:49,19/10/2016,21.625,21.562,0.063
13:19:51,19/10/2016,21.625,21.562,0.063
13:19:52,19/10/2016,21.625,21.562,0.063
13:19:56,19/10/2016,21.625,21.562,0.063
13:19:58,19/10/2016,21.625,21.562,0.063
13:20:0,19/10/2016,21.562,21.562,0.0
13:20:2,19/10/2016,21.625,21.562,0.063
13:20:3,19/10/2016,21.625,21.562,0.063
13:20:5,19/10/2016,21.625,21.562,0.063
13:20:7,19/10/2016,21.625,21.562,0.063
13:20:9,19/10/2016,21.625,21.562,0.063
13:20:11,19/10/2016,21.625,21.5,0.125
13:20:13,19/10/2016,21.562,21.5,0.062
13:20:16,19/10/2016,21.562,21.5,0.062
13:20:18,19/10/2016,21.562,21.5,0.062
13:20:20,19/10/2016,21.625,21.5,0.125
13:20:22,19/10/2016,21.562,21.5,0.062
13:20:23,19/10/2016,21.562,21.5,0.062
13:20:25,19/10/2016,21.562,21.5,0.062
13:20:27,19/10/2016,21.562,21.5,0.062
13:20:29,19/10/2016,21.562,21.5,0.062
13:20:31,19/10/2016,21.562,21.5,0.062
13:20:32,19/10/2016,21.562,21.5,0.062
13:20:34,19/10/2016,21.562,21.5,0.062
13:20:36,19/10/2016,21.562,21.5,0.062
13:20:38,19/10/2016,21.562,21.5,0.062
13:20:40,19/10/2016,21.562,21.5,0.062
13:20:42,19/10/2016,21.562,21.5,0.062
13:20:44,19/10/2016,21.562,21.5,0.062
13:20:46,19/10/2016,21.562,21.5,0.062
13:20:48,19/10/2016,21.562,21.5,0.062
13:20:50,19/10/2016,21.562,21.5,0.062
13:20:53,19/10/2016,21.562,21.5,0.062
13:20:55,19/10/2016,21.562,21.5,0.062
13:20:57,19/10/2016,21.562,21.5,0.062
13:20:59,19/10/2016,21.562,21.5,0.062
13:21:1,19/10/2016,21.562,21.437,0.125
13:21:3,19/10/2016,21.562,21.437,0.125
13:21:5,19/10/2016,21.562,21.437,0.125
13:21:7,19/10/2016,21.562,21.437,0.125
13:21:9,19/10/2016,21.562,21.437,0.125
13:21:11,19/10/2016,21.5,21.437,0.063
13:21:13,19/10/2016,21.562,21.437,0.125
13:21:15,19/10/2016,21.562,21.437,0.125
13:21:17,19/10/2016,21.562,21.437,0.125
13:21:19,19/10/2016,21.562,21.437,0.125
13:21:21,19/10/2016,21.5,21.437,0.063
13:21:26,19/10/2016,21.562,21.437,0.125
13:21:29,19/10/2016,21.5,21.437,0.063
13:21:30,19/10/2016,21.562,21.437,0.125
13:21:32,19/10/2016,21.5,21.437,0.063
13:21:34,19/10/2016,21.5,21.437,0.063
13:21:38,19/10/2016,21.562,21.437,0.125
13:21:39,19/10/2016,21.5,21.437,0.063
13:21:41,19/10/2016,21.5,21.437,0.063
13:21:43,19/10/2016,21.5,21.437,0.063
13:21:45,19/10/2016,21.5,21.437,0.063
13:21:47,19/10/2016,21.5,21.437,0.063
13:21:49,19/10/2016,21.5,21.375,0.125
13:21:51,19/10/2016,21.437,21.25,0.187
13:21:53,19/10/2016,21.312,21.125,0.187
13:21:55,19/10/2016,21.25,21.062,0.188
13:21:57,19/10/2016,21.187,21.0,0.187
13:21:59,19/10/2016,21.187,21.0,0.187
13:22:0,19/10/2016,21.125,21.0,0.125
13:22:2,19/10/2016,21.062,20.937,0.125
13:22:4,19/10/2016,21.062,20.875,0.187
13:22:6,19/10/2016,21.0,20.875,0.125
13:22:8,19/10/2016,21.0,20.812,0.188
13:22:10,19/10/2016,20.937,20.812,0.125
13:22:11,19/10/2016,20.937,20.812,0.125
13:22:13,19/10/2016,20.937,20.812,0.125
13:22:15,19/10/2016,20.937,20.812,0.125
13:22:17,19/10/2016,20.875,20.812,0.063
13:22:19,19/10/2016,20.875,20.75,0.125
13:22:21,19/10/2016,20.875,20.75,0.125
13:22:23,19/10/2016,20.812,20.75,0.062
13:22:25,19/10/2016,20.812,20.75,0.062
13:22:27,19/10/2016,20.812,20.687,0.125
13:22:30,19/10/2016,20.75,20.687,0.063
13:22:31,19/10/2016,20.75,20.687,0.063
13:22:33,19/10/2016,20.75,20.687,0.063
13:22:35,19/10/2016,20.75,20.687,0.063
13:22:37,19/10/2016,20.687,20.687,0.0
13:22:39,19/10/2016,20.687,20.687,0.0
13:22:41,19/10/2016,20.687,20.687,0.0
13:22:43,19/10/2016,20.687,20.687,0.0
13:22:44,19/10/2016,20.687,20.625,0.062
13:22:46,19/10/2016,20.687,20.625,0.062
13:22:50,19/10/2016,20.75,20.625,0.125
13:22:53,19/10/2016,20.687,20.625,0.062
13:22:55,19/10/2016,20.687,20.625,0.062
13:22:58,19/10/2016,20.687,20.625,0.062
13:23:0,19/10/2016,20.687,20.625,0.062
13:23:2,19/10/2016,20.687,20.625,0.062
13:23:4,19/10/2016,20.687,20.625,0.062
13:23:6,19/10/2016,20.687,20.625,0.062
13:23:8,19/10/2016,20.687,20.625,0.062
13:23:9,19/10/2016,20.687,20.625,0.062
13:23:11,19/10/2016,20.687,20.625,0.062
13:23:13,19/10/2016,20.687,20.562,0.125
13:23:15,19/10/2016,20.687,20.625,0.062
13:23:17,19/10/2016,20.687,20.625,0.062
13:23:19,19/10/2016,20.687,20.562,0.125
13:23:20,19/10/2016,20.687,20.625,0.062
13:23:22,19/10/2016,20.75,20.625,0.125
13:23:24,19/10/2016,20.75,20.625,0.125
13:23:26,19/10/2016,20.75,20.625,0.125
13:23:30,19/10/2016,20.812,20.625,0.187
13:23:42,19/10/2016,20.875,20.625,0.25
13:23:54,19/10/2016,21.0,20.562,0.438
13:24:6,19/10/2016,21.062,20.562,0.5
13:24:18,19/10/2016,21.125,20.562,0.563
13:24:30,19/10/2016,21.25,20.625,0.625
13:24:42,19/10/2016,21.312,20.75,0.562
13:24:54,19/10/2016,21.375,20.875,0.5
13:25:6,19/10/2016,21.375,20.937,0.438
13:25:17,19/10/2016,21.375,20.937,0.438
13:25:29,19/10/2016,21.375,21.0,0.375
13:25:41,19/10/2016,21.437,21.0,0.437
13:25:53,19/10/2016,21.437,21.0,0.437
13:26:7,19/10/2016,21.5,21.062,0.438
13:26:19,19/10/2016,21.5,21.062,0.438
13:26:30,19/10/2016,21.5,21.125,0.375
13:26:42,19/10/2016,22.312,21.562,0.75
13:26:55,19/10/2016,22.5,21.75,0.75
13:27:7,19/10/2016,22.437,21.75,0.687
13:27:19,19/10/2016,22.375,21.812,0.563
13:27:30,19/10/2016,22.312,21.812,0.5
13:27:42,19/10/2016,22.25,21.812,0.438
13:27:54,19/10/2016,22.187,21.812,0.375
13:28:6,19/10/2016,22.187,21.812,0.375
13:28:18,19/10/2016,22.187,21.812,0.375
13:28:30,19/10/2016,22.125,21.875,0.25
13:28:42,19/10/2016,22.125,21.875,0.25
13:28:53,19/10/2016,22.125,21.875,0.25
13:29:5,19/10/2016,22.125,21.875,0.25
13:29:17,19/10/2016,22.125,21.812,0.313
13:29:29,19/10/2016,22.125,21.812,0.313
13:29:41,19/10/2016,22.125,21.812,0.313
13:29:54,19/10/2016,23.5,23.187,0.313
13:30:6,19/10/2016,25.0,25.0,0.0
13:30:17,19/10/2016,26.312,26.187,0.125
13:30:29,19/10/2016,26.625,26.125,0.5
13:30:41,19/10/2016,26.625,26.0,0.625
13:30:53,19/10/2016,26.125,25.75,0.375
13:31:5,19/10/2016,26.062,25.812,0.25
13:31:17,19/10/2016,26.0,25.75,0.25
13:31:29,19/10/2016,25.812,25.562,0.25
13:31:40,19/10/2016,25.562,25.375,0.187
13:31:52,19/10/2016,25.312,25.187,0.125
13:32:4,19/10/2016,25.187,25.125,0.062
13:32:16,19/10/2016,25.375,25.375,0.0
13:32:28,19/10/2016,25.25,25.437,0.187
13:32:40,19/10/2016,25.437,25.687,0.25
13:32:52,19/10/2016,26.0,26.312,0.312
13:33:3,19/10/2016,26.125,26.5,0.375
13:33:15,19/10/2016,26.562,26.875,0.313
13:33:27,19/10/2016,26.875,27.187,0.312
13:33:39,19/10/2016,26.875,27.25,0.375
13:33:52,19/10/2016,26.875,26.875,0.0
13:34:4,19/10/2016,26.437,26.625,0.188
13:34:16,19/10/2016,27.0,27.125,0.125
13:34:27,19/10/2016,27.0,27.125,0.125
13:34:40,19/10/2016,26.875,27.0,0.125
13:34:52,19/10/2016,26.437,26.562,0.125
13:35:4,19/10/2016,26.125,26.562,0.437
13:35:16,19/10/2016,25.812,25.937,0.125
13:35:28,19/10/2016,25.562,25.687,0.125
13:35:40,19/10/2016,25.375,25.5,0.125
13:35:52,19/10/2016,25.187,25.25,0.063
13:36:5,19/10/2016,25.187,25.062,0.125
13:36:17,19/10/2016,24.812,24.875,0.063
13:36:28,19/10/2016,24.687,24.687,0.0
13:36:40,19/10/2016,24.562,24.562,0.0
13:36:53,19/10/2016,24.437,24.437,0.0
13:37:5,19/10/2016,24.312,24.312,0.0
13:37:17,19/10/2016,24.25,24.187,0.063
13:37:29,19/10/2016,24.125,24.187,0.062
13:37:40,19/10/2016,24.062,24.0,0.062
13:37:52,19/10/2016,23.937,23.875,0.062
13:38:4,19/10/2016,23.875,23.812,0.063
13:38:16,19/10/2016,23.812,23.75,0.062
13:38:29,19/10/2016,23.687,23.625,0.062
13:38:41,19/10/2016,23.625,23.562,0.063
13:38:52,19/10/2016,23.562,23.5,0.062
13:39:4,19/10/2016,23.5,23.437,0.063
13:39:16,19/10/2016,23.437,23.375,0.062
13:39:28,19/10/2016,23.437,23.312,0.125
13:39:40,19/10/2016,23.375,23.312,0.063
13:39:53,19/10/2016,23.312,23.25,0.062
13:40:5,19/10/2016,23.25,23.25,0.0
13:40:17,19/10/2016,23.25,23.187,0.063
13:40:29,19/10/2016,23.187,23.125,0.062
13:40:41,19/10/2016,23.125,23.062,0.063
13:40:53,19/10/2016,23.125,23.062,0.063
13:41:5,19/10/2016,23.062,23.0,0.062
13:41:16,19/10/2016,23.062,23.0,0.062
13:41:28,19/10/2016,23.0,22.937,0.063
13:41:40,19/10/2016,23.0,22.937,0.063
13:41:52,19/10/2016,23.0,22.875,0.125
13:42:4,19/10/2016,22.937,22.875,0.062
13:42:16,19/10/2016,22.937,22.875,0.062
13:42:28,19/10/2016,22.875,22.812,0.063
13:42:39,19/10/2016,22.875,22.812,0.063
13:42:51,19/10/2016,23.125,23.625,0.5
13:43:3,19/10/2016,23.625,23.75,0.125
13:43:15,19/10/2016,23.75,23.687,0.063
13:43:27,19/10/2016,23.687,23.625,0.062
13:43:39,19/10/2016,23.625,23.5,0.125
13:43:51,19/10/2016,23.5,23.375,0.125
13:44:4,19/10/2016,23.437,23.375,0.062
13:44:16,19/10/2016,23.375,23.375,0.0
13:44:28,19/10/2016,23.312,23.125,0.187
13:44:40,19/10/2016,23.25,23.062,0.188
13:44:51,19/10/2016,23.187,23.0,0.187
13:45:3,19/10/2016,23.125,22.937,0.188
13:45:15,19/10/2016,23.062,22.875,0.187
13:46:16,19/10/2016,22.875,22.75,0.125
13:46:28,19/10/2016,22.812,22.75,0.062
13:46:40,19/10/2016,22.812,22.687,0.125
13:46:52,19/10/2016,22.75,22.625,0.125
13:47:4,19/10/2016,22.687,22.625,0.062
13:47:16,19/10/2016,22.687,22.562,0.125
13:47:28,19/10/2016,22.687,22.562,0.125
13:47:40,19/10/2016,22.625,22.5,0.125
13:47:52,19/10/2016,22.625,22.5,0.125
13:48:4,19/10/2016,22.625,22.5,0.125
13:48:16,19/10/2016,22.562,22.5,0.062
13:48:28,19/10/2016,22.562,22.437,0.125
13:48:39,19/10/2016,22.562,22.437,0.125
13:48:51,19/10/2016,22.562,22.437,0.125
13:49:3,19/10/2016,22.5,22.437,0.063
13:49:15,19/10/2016,22.5,22.437,0.063
13:49:27,19/10/2016,22.5,22.375,0.125
13:49:39,19/10/2016,22.5,22.375,0.125
13:49:51,19/10/2016,22.5,22.375,0.125
13:50:1,19/10/2016,0.0,0.0,0.0
13:50:13,19/10/2016,22.5,22.375,0.125
13:51:33,19/10/2016,22.437,22.312,0.125
13:51:44,19/10/2016,22.437,22.312,0.125
13:51:56,19/10/2016,22.437,22.312,0.125
13:52:8,19/10/2016,22.375,22.312,0.063
13:52:20,19/10/2016,22.375,22.312,0.063
13:54:5,19/10/2016,22.312,22.25,0.062
13:54:17,19/10/2016,22.312,22.25,0.062
13:54:23,19/10/2016,22.312,22.25,0.062
13:54:36,19/10/2016,22.312,22.25,0.062
13:54:47,19/10/2016,22.312,22.25,0.062
13:54:59,19/10/2016,22.312,22.25,0.062
13:55:6,19/10/2016,22.312,22.25,0.062
13:55:14,19/10/2016,22.312,22.25,0.062
13:55:26,19/10/2016,22.312,22.25,0.062
13:55:38,19/10/2016,22.312,22.25,0.062
13:55:49,19/10/2016,22.312,22.25,0.062
13:56:1,19/10/2016,22.312,22.25,0.062
13:56:13,19/10/2016,22.312,22.25,0.062
13:56:25,19/10/2016,22.312,22.25,0.062
13:56:37,19/10/2016,22.312,22.25,0.062
13:56:50,19/10/2016,22.312,22.25,0.062
13:57:1,19/10/2016,22.312,22.25,0.062
13:57:13,19/10/2016,22.312,22.25,0.062
13:57:25,19/10/2016,22.312,22.25,0.062
13:57:37,19/10/2016,22.312,22.25,0.062
13:57:49,19/10/2016,22.312,22.25,0.062
13:58:1,19/10/2016,22.312,22.25,0.062
13:58:13,19/10/2016,22.25,22.25,0.0
13:58:24,19/10/2016,22.312,22.25,0.062
13:58:36,19/10/2016,22.312,22.187,0.125
13:58:48,19/10/2016,22.312,22.25,0.062
13:59:0,19/10/2016,22.312,22.187,0.125
13:59:12,19/10/2016,22.25,22.187,0.063
13:59:24,19/10/2016,22.312,22.187,0.125
13:59:36,19/10/2016,22.25,22.187,0.063
13:59:48,19/10/2016,22.25,22.187,0.063
13:59:59,19/10/2016,22.25,22.187,0.063
14:0:11,19/10/2016,22.25,22.187,0.063
14:0:23,19/10/2016,22.25,22.187,0.063
14:0:35,19/10/2016,22.25,22.187,0.063
14:0:47,19/10/2016,22.25,22.187,0.063
14:0:59,19/10/2016,22.25,22.187,0.063
14:1:11,19/10/2016,22.25,22.187,0.063
14:2:46,19/10/2016,22.25,22.187,0.063
14:2:57,19/10/2016,22.25,22.187,0.063
14:3:23,19/10/2016,22.25,22.187,0.063
14:3:34,19/10/2016,22.25,22.187,0.063
14:3:46,19/10/2016,22.25,22.187,0.063
14:3:58,19/10/2016,22.25,22.187,0.063
14:4:10,19/10/2016,22.25,22.187,0.063
14:4:22,19/10/2016,22.25,22.187,0.063
14:4:34,19/10/2016,22.25,22.187,0.063
14:4:45,19/10/2016,22.187,22.125,0.062
14:4:57,19/10/2016,22.187,22.125,0.062
14:5:9,19/10/2016,22.187,22.125,0.062
14:5:21,19/10/2016,22.187,22.125,0.062
14:5:33,19/10/2016,22.187,22.125,0.062
14:5:44,19/10/2016,22.187,22.125,0.062
14:5:56,19/10/2016,22.187,22.125,0.062
14:6:8,19/10/2016,22.187,22.125,0.062
14:6:20,19/10/2016,22.187,22.125,0.062
14:6:32,19/10/2016,22.187,22.125,0.062
14:6:44,19/10/2016,22.187,22.125,0.062
14:6:55,19/10/2016,22.187,22.125,0.062
14:7:7,19/10/2016,22.187,22.125,0.062
14:7:19,19/10/2016,22.187,22.125,0.062
14:7:31,19/10/2016,22.187,22.125,0.062
14:7:43,19/10/2016,22.187,22.187,0.0
14:8:16,19/10/2016,22.187,22.125,0.062
14:8:27,19/10/2016,22.187,22.187,0.0
14:8:39,19/10/2016,22.187,22.187,0.0
14:8:51,19/10/2016,22.187,22.125,0.062
14:9:3,19/10/2016,22.187,22.125,0.062
14:9:15,19/10/2016,22.187,22.125,0.062
14:9:27,19/10/2016,22.187,22.125,0.062
14:11:17,19/10/2016,22.187,22.125,0.062
14:11:29,19/10/2016,22.187,22.125,0.062
14:11:41,19/10/2016,22.187,22.125,0.062
14:11:53,19/10/2016,22.187,22.125,0.062
14:12:5,19/10/2016,22.187,22.125,0.062
14:12:16,19/10/2016,22.187,22.125,0.062
14:12:28,19/10/2016,22.187,22.125,0.062
14:12:41,19/10/2016,22.187,22.125,0.062
14:12:53,19/10/2016,22.187,22.125,0.062
14:13:5,19/10/2016,22.187,22.125,0.062
14:13:17,19/10/2016,22.187,22.125,0.062
14:13:29,19/10/2016,22.187,22.125,0.062
14:13:42,19/10/2016,22.187,22.125,0.062
14:13:54,19/10/2016,22.187,22.125,0.062
14:14:6,19/10/2016,22.187,22.125,0.062
14:14:17,19/10/2016,22.187,22.187,0.0
14:14:29,19/10/2016,22.187,22.187,0.0
14:14:42,19/10/2016,22.187,22.187,0.0
14:14:54,19/10/2016,22.187,22.187,0.0
14:15:6,19/10/2016,22.187,22.187,0.0
14:15:18,19/10/2016,22.187,22.187,0.0
14:15:29,19/10/2016,22.187,22.187,0.0
14:15:41,19/10/2016,22.187,22.187,0.0
14:15:53,19/10/2016,22.187,22.187,0.0
14:16:5,19/10/2016,22.187,22.187,0.0
14:16:17,19/10/2016,22.187,22.187,0.0
14:16:29,19/10/2016,22.187,22.187,0.0
14:16:41,19/10/2016,22.25,22.187,0.063
14:16:52,19/10/2016,22.25,22.187,0.063
14:17:4,19/10/2016,22.25,22.187,0.063
14:17:17,19/10/2016,22.25,22.25,0.0
14:17:29,19/10/2016,22.25,22.25,0.0
14:17:41,19/10/2016,22.25,22.25,0.0
14:17:53,19/10/2016,22.25,22.187,0.063
14:18:5,19/10/2016,22.25,22.187,0.063
14:18:17,19/10/2016,22.25,22.25,0.0
14:18:29,19/10/2016,22.25,22.187,0.063
14:18:41,19/10/2016,22.25,22.187,0.063
14:18:53,19/10/2016,22.25,22.187,0.063
14:20:43,19/10/2016,22.25,22.187,0.063
14:20:55,19/10/2016,22.25,22.187,0.063
14:21:7,19/10/2016,22.25,22.187,0.063
14:21:18,19/10/2016,22.25,22.25,0.0
14:21:30,19/10/2016,22.25,22.25,0.0
14:21:42,19/10/2016,22.25,22.25,0.0
14:21:54,19/10/2016,22.25,22.25,0.0
14:22:6,19/10/2016,22.25,22.187,0.063
14:22:17,19/10/2016,22.25,22.187,0.063
14:22:29,19/10/2016,22.25,22.187,0.063
14:22:41,19/10/2016,22.25,22.187,0.063
14:22:53,19/10/2016,22.25,22.187,0.063
14:23:4,19/10/2016,22.25,22.187,0.063
14:23:16,19/10/2016,22.25,22.187,0.063
14:23:28,19/10/2016,22.25,22.187,0.063
14:23:40,19/10/2016,22.25,22.187,0.063
14:23:51,19/10/2016,22.25,22.187,0.063
14:24:4,19/10/2016,22.25,22.187,0.063
14:24:16,19/10/2016,22.25,22.187,0.063
14:24:28,19/10/2016,22.25,22.187,0.063
14:24:39,19/10/2016,22.25,22.187,0.063
14:24:51,19/10/2016,22.25,22.187,0.063
14:25:3,19/10/2016,22.25,22.187,0.063
14:25:15,19/10/2016,22.25,22.187,0.063
14:25:26,19/10/2016,22.25,22.187,0.063
14:25:38,19/10/2016,22.25,22.187,0.063
14:25:50,19/10/2016,22.25,22.187,0.063
14:26:2,19/10/2016,22.25,22.187,0.063
14:26:14,19/10/2016,22.187,22.187,0.0
14:26:25,19/10/2016,22.187,22.187,0.0
14:26:37,19/10/2016,22.187,22.187,0.0
14:26:49,19/10/2016,22.187,22.187,0.0
14:27:1,19/10/2016,22.187,22.187,0.0
14:27:12,19/10/2016,22.187,22.125,0.062
14:27:24,19/10/2016,22.187,22.125,0.062
14:27:36,19/10/2016,22.187,22.125,0.062
14:27:48,19/10/2016,22.187,22.125,0.062
14:27:59,19/10/2016,22.187,22.125,0.062
14:28:11,19/10/2016,22.187,22.125,0.062
14:28:23,19/10/2016,22.187,22.125,0.062
14:28:35,19/10/2016,22.187,22.125,0.062
14:28:46,19/10/2016,22.187,22.125,0.062
14:28:58,19/10/2016,22.187,22.125,0.062
14:29:10,19/10/2016,22.187,22.125,0.062
14:29:22,19/10/2016,22.187,22.125,0.062
14:29:34,19/10/2016,22.187,22.125,0.062
14:29:45,19/10/2016,22.187,22.125,0.062
14:29:57,19/10/2016,22.187,22.125,0.062
14:30:9,19/10/2016,22.187,22.125,0.062
14:30:21,19/10/2016,22.187,22.125,0.062
14:30:32,19/10/2016,22.187,22.125,0.062
14:30:44,19/10/2016,22.187,22.125,0.062
14:30:56,19/10/2016,22.187,22.125,0.062
14:31:8,19/10/2016,22.187,22.125,0.062
14:31:19,19/10/2016,22.187,22.125,0.062
14:31:31,19/10/2016,22.187,22.062,0.125
14:31:43,19/10/2016,22.187,22.125,0.062
14:31:55,19/10/2016,22.187,22.062,0.125
14:32:7,19/10/2016,22.187,22.062,0.125
14:32:18,19/10/2016,22.187,22.062,0.125
14:32:30,19/10/2016,22.187,22.062,0.125
14:32:42,19/10/2016,22.187,22.062,0.125
14:32:54,19/10/2016,22.187,22.062,0.125
14:33:5,19/10/2016,22.187,22.062,0.125
14:33:17,19/10/2016,22.187,22.062,0.125
14:33:29,19/10/2016,22.187,22.125,0.062
14:33:41,19/10/2016,22.187,22.125,0.062
14:33:52,19/10/2016,22.187,22.125,0.062
14:34:4,19/10/2016,22.187,22.125,0.062
14:34:16,19/10/2016,22.125,22.125,0.0
14:34:28,19/10/2016,22.125,22.125,0.0
14:34:40,19/10/2016,22.125,22.125,0.0
14:45:31,19/10/2016,22.062,22.062,0.0
14:45:43,19/10/2016,22.062,22.0,0.062
14:45:55,19/10/2016,22.062,22.0,0.062
14:46:7,19/10/2016,22.062,22.0,0.062
14:46:19,19/10/2016,22.062,22.0,0.062
14:46:30,19/10/2016,22.062,22.0,0.062
14:46:42,19/10/2016,22.062,22.0,0.062
14:46:54,19/10/2016,22.062,22.0,0.062
14:47:6,19/10/2016,22.062,22.0,0.062
14:47:18,19/10/2016,22.062,22.062,0.0
14:47:30,19/10/2016,22.062,22.0,0.062
14:47:42,19/10/2016,22.062,22.0,0.062
14:47:53,19/10/2016,22.062,22.0,0.062
14:48:5,19/10/2016,22.062,22.0,0.062
14:48:18,19/10/2016,22.062,22.062,0.0
14:48:30,19/10/2016,22.062,22.062,0.0
14:48:42,19/10/2016,22.062,22.0,0.062
14:48:53,19/10/2016,22.062,22.062,0.0
14:49:5,19/10/2016,22.062,22.062,0.0
14:49:17,19/10/2016,22.062,22.062,0.0
14:49:29,19/10/2016,22.062,22.062,0.0
14:49:41,19/10/2016,22.062,22.062,0.0
14:49:53,19/10/2016,22.062,22.062,0.0
14:50:5,19/10/2016,22.062,22.062,0.0
14:50:17,19/10/2016,22.062,22.062,0.0
14:50:28,19/10/2016,22.062,22.062,0.0
14:50:40,19/10/2016,22.062,22.062,0.0
14:50:52,19/10/2016,22.062,22.062,0.0
14:51:4,19/10/2016,22.062,22.062,0.0
14:51:16,19/10/2016,22.062,22.062,0.0
14:51:28,19/10/2016,22.062,22.062,0.0
14:51:40,19/10/2016,22.062,22.062,0.0
14:51:51,19/10/2016,22.062,22.062,0.0
14:52:3,19/10/2016,22.062,22.062,0.0
14:52:16,19/10/2016,22.062,22.062,0.0
14:52:28,19/10/2016,22.062,22.062,0.0
14:52:40,19/10/2016,22.062,22.062,0.0
14:52:51,19/10/2016,22.062,22.062,0.0
14:53:3,19/10/2016,22.062,22.062,0.0
14:53:15,19/10/2016,22.062,22.062,0.0
14:53:27,19/10/2016,22.062,22.062,0.0
14:53:39,19/10/2016,22.062,22.062,0.0
14:53:51,19/10/2016,22.062,22.062,0.0
14:54:3,19/10/2016,22.062,22.062,0.0
14:54:15,19/10/2016,22.062,22.062,0.0
14:54:26,19/10/2016,22.062,22.062,0.0
14:54:38,19/10/2016,22.062,22.062,0.0
14:54:50,19/10/2016,22.062,22.062,0.0
14:55:2,19/10/2016,22.062,22.062,0.0
14:55:14,19/10/2016,22.062,22.062,0.0
14:55:26,19/10/2016,22.062,22.062,0.0
14:55:38,19/10/2016,22.062,22.062,0.0
14:55:49,19/10/2016,22.062,22.062,0.0
14:56:1,19/10/2016,22.062,22.062,0.0
14:56:13,19/10/2016,22.062,22.062,0.0
14:56:25,19/10/2016,22.062,22.062,0.0
14:56:37,19/10/2016,22.062,22.062,0.0
14:56:49,19/10/2016,22.062,22.062,0.0
14:57:1,19/10/2016,22.062,22.062,0.0
14:57:13,19/10/2016,22.062,22.062,0.0
14:57:24,19/10/2016,22.062,22.062,0.0
14:57:36,19/10/2016,22.062,22.062,0.0
14:57:50,19/10/2016,22.062,22.062,0.0
14:58:2,19/10/2016,22.0,22.062,0.062
14:58:14,19/10/2016,22.062,22.062,0.0
14:58:26,19/10/2016,22.062,22.062,0.0
14:58:38,19/10/2016,22.062,22.062,0.0
14:58:50,19/10/2016,22.062,22.062,0.0
14:59:2,19/10/2016,22.062,22.062,0.0
14:59:15,19/10/2016,22.062,22.062,0.0
14:59:26,19/10/2016,22.062,22.062,0.0
14:59:38,19/10/2016,22.062,22.062,0.0
14:59:50,19/10/2016,22.062,22.062,0.0
15:0:2,19/10/2016,22.062,22.062,0.0
15:0:15,19/10/2016,22.062,22.062,0.0
15:0:27,19/10/2016,22.062,22.062,0.0
15:0:38,19/10/2016,22.062,22.062,0.0
15:0:51,19/10/2016,22.062,22.062,0.0
15:1:3,19/10/2016,22.062,22.062,0.0
15:1:15,19/10/2016,22.062,22.062,0.0
15:1:27,19/10/2016,22.062,22.062,0.0
15:1:39,19/10/2016,22.062,22.062,0.0
15:1:50,19/10/2016,22.062,22.062,0.0
15:2:2,19/10/2016,22.062,22.062,0.0
15:2:14,19/10/2016,22.062,22.062,0.0
15:2:26,19/10/2016,22.062,22.062,0.0
15:2:38,19/10/2016,22.062,22.062,0.0
15:2:50,19/10/2016,22.062,22.062,0.0
15:3:2,19/10/2016,22.062,22.062,0.0
15:3:14,19/10/2016,22.062,22.062,0.0
15:3:25,19/10/2016,22.062,22.062,0.0
15:3:37,19/10/2016,22.062,22.062,0.0
15:3:50,19/10/2016,22.062,22.062,0.0
15:4:2,19/10/2016,22.062,22.062,0.0
15:4:14,19/10/2016,22.062,22.062,0.0
15:4:26,19/10/2016,22.062,22.062,0.0
15:4:38,19/10/2016,22.062,22.062,0.0
15:4:49,19/10/2016,22.062,22.062,0.0
15:5:1,19/10/2016,22.062,22.062,0.0
15:5:13,19/10/2016,22.062,22.062,0.0
15:5:25,19/10/2016,22.062,22.062,0.0
15:5:37,19/10/2016,22.062,22.062,0.0
15:5:50,19/10/2016,22.062,22.062,0.0
