Wed Feb 15 00:00:34 2017,-1.687,-1.375,0.312,False
Wed Feb 15 00:01:34 2017,-1.687,-1.375,0.312,False
Wed Feb 15 00:02:34 2017,-1.687,-1.437,0.25,False
Wed Feb 15 00:03:34 2017,-1.75,-1.375,0.375,False
Wed Feb 15 00:04:34 2017,-1.75,-1.375,0.375,False
Wed Feb 15 00:05:34 2017,-1.687,-1.437,0.25,False
Wed Feb 15 00:06:34 2017,-1.75,-1.437,0.313,False
Wed Feb 15 00:07:34 2017,-1.687,-1.437,0.25,False
Wed Feb 15 00:08:34 2017,-1.75,-1.437,0.313,False
Wed Feb 15 00:09:34 2017,-1.75,-1.375,0.375,False
Wed Feb 15 00:10:34 2017,-1.687,-1.437,0.25,False
Wed Feb 15 00:11:34 2017,-1.75,-1.375,0.375,False
Wed Feb 15 00:12:34 2017,-1.75,-1.437,0.313,False
Wed Feb 15 00:13:34 2017,-1.75,-1.437,0.313,False
Wed Feb 15 00:14:34 2017,-1.75,-1.437,0.313,False
Wed Feb 15 00:15:34 2017,-1.75,-1.437,0.313,False
Wed Feb 15 00:16:34 2017,-1.75,-1.437,0.313,False
Wed Feb 15 00:17:34 2017,-1.75,-1.437,0.313,False
Wed Feb 15 00:18:34 2017,-1.75,-1.437,0.313,False
Wed Feb 15 00:19:34 2017,-1.75,-1.437,0.313,False
Wed Feb 15 00:20:34 2017,-1.75,-1.437,0.313,False
Wed Feb 15 00:21:34 2017,-1.75,-1.437,0.313,False
Wed Feb 15 00:22:34 2017,-1.75,-1.437,0.313,False
Wed Feb 15 00:23:34 2017,-1.75,-1.437,0.313,False
Wed Feb 15 00:24:35 2017,-1.75,-1.437,0.313,False
Wed Feb 15 00:25:35 2017,-1.75,-1.437,0.313,False
Wed Feb 15 00:26:35 2017,-1.75,-1.437,0.313,False
Wed Feb 15 00:27:35 2017,-1.75,-1.437,0.313,False
Wed Feb 15 00:28:35 2017,-1.812,-1.437,0.375,False
Wed Feb 15 00:29:35 2017,-1.75,-1.437,0.313,False
Wed Feb 15 00:30:35 2017,-1.812,-1.5,0.312,False
Wed Feb 15 00:31:35 2017,-1.75,-1.5,0.25,False
Wed Feb 15 00:32:35 2017,-1.75,-1.437,0.313,False
Wed Feb 15 00:33:35 2017,-1.75,-1.437,0.313,False
Wed Feb 15 00:34:35 2017,-1.812,-1.437,0.375,False
Wed Feb 15 00:35:35 2017,-1.812,-1.437,0.375,False
Wed Feb 15 00:36:35 2017,-1.812,-1.437,0.375,False
Wed Feb 15 00:37:35 2017,-1.812,-1.437,0.375,False
Wed Feb 15 00:38:35 2017,-1.812,-1.437,0.375,False
Wed Feb 15 00:39:35 2017,-1.812,-1.5,0.312,False
Wed Feb 15 00:40:35 2017,-1.812,-1.5,0.312,False
Wed Feb 15 00:41:35 2017,-1.812,-1.5,0.312,False
Wed Feb 15 00:42:35 2017,-1.812,-1.5,0.312,False
Wed Feb 15 00:43:35 2017,-1.812,-1.5,0.312,False
Wed Feb 15 00:44:35 2017,-1.812,-1.5,0.312,False
Wed Feb 15 00:45:35 2017,-1.812,-1.5,0.312,False
Wed Feb 15 00:46:35 2017,-1.812,-1.5,0.312,False
Wed Feb 15 00:47:35 2017,-1.812,-1.5,0.312,False
Wed Feb 15 00:48:35 2017,-1.812,-1.5,0.312,False
Wed Feb 15 00:49:35 2017,-1.812,-1.5,0.312,False
Wed Feb 15 00:50:35 2017,-1.812,-1.5,0.312,False
Wed Feb 15 00:51:35 2017,-1.812,-1.5,0.312,False
Wed Feb 15 00:52:35 2017,-1.812,-1.5,0.312,False
Wed Feb 15 00:53:35 2017,-1.812,-1.5,0.312,False
Wed Feb 15 00:54:35 2017,-1.812,-1.5,0.312,False
Wed Feb 15 00:55:35 2017,-1.875,-1.562,0.313,False
Wed Feb 15 00:56:35 2017,-1.812,-1.562,0.25,False
Wed Feb 15 00:57:35 2017,-1.875,-1.562,0.313,False
Wed Feb 15 00:58:35 2017,-1.875,-1.5,0.375,False
Wed Feb 15 00:59:35 2017,-1.875,-1.5,0.375,False
Wed Feb 15 01:00:35 2017,-1.875,-1.562,0.313,False
Wed Feb 15 01:01:35 2017,-1.875,-1.562,0.313,False
Wed Feb 15 01:02:35 2017,-1.875,-1.562,0.313,False
Wed Feb 15 01:03:35 2017,-1.875,-1.562,0.313,False
Wed Feb 15 01:04:35 2017,-1.875,-1.562,0.313,False
Wed Feb 15 01:05:35 2017,-1.875,-1.562,0.313,False
Wed Feb 15 01:06:35 2017,-1.875,-1.562,0.313,False
Wed Feb 15 01:07:35 2017,-1.875,-1.562,0.313,False
Wed Feb 15 01:08:35 2017,-1.875,-1.562,0.313,False
Wed Feb 15 01:09:35 2017,-1.875,-1.562,0.313,False
Wed Feb 15 01:10:35 2017,-1.875,-1.562,0.313,False
Wed Feb 15 01:11:35 2017,-1.875,-1.562,0.313,False
Wed Feb 15 01:12:36 2017,-1.875,-1.562,0.313,False
Wed Feb 15 01:13:36 2017,-1.875,-1.625,0.25,False
Wed Feb 15 01:14:36 2017,-1.875,-1.562,0.313,False
Wed Feb 15 01:15:36 2017,-1.875,-1.625,0.25,False
Wed Feb 15 01:16:36 2017,-1.875,-1.625,0.25,False
Wed Feb 15 01:17:36 2017,-1.875,-1.625,0.25,False
Wed Feb 15 01:18:36 2017,-1.937,-1.562,0.375,False
Wed Feb 15 01:19:36 2017,-1.875,-1.562,0.313,False
Wed Feb 15 01:20:36 2017,-1.937,-1.562,0.375,False
Wed Feb 15 01:21:36 2017,-1.937,-1.562,0.375,False
Wed Feb 15 01:22:36 2017,-1.937,-1.562,0.375,False
Wed Feb 15 01:23:36 2017,-1.875,-1.562,0.313,False
Wed Feb 15 01:24:36 2017,-1.937,-1.625,0.312,False
Wed Feb 15 01:25:36 2017,-1.937,-1.625,0.312,False
Wed Feb 15 01:26:36 2017,-1.937,-1.625,0.312,False
Wed Feb 15 01:27:36 2017,-1.937,-1.625,0.312,False
Wed Feb 15 01:28:36 2017,-1.937,-1.625,0.312,False
Wed Feb 15 01:29:36 2017,-1.937,-1.625,0.312,False
Wed Feb 15 01:30:36 2017,-1.937,-1.562,0.375,False
Wed Feb 15 01:31:36 2017,-1.937,-1.625,0.312,False
Wed Feb 15 01:32:36 2017,-1.937,-1.625,0.312,False
Wed Feb 15 01:33:36 2017,-1.937,-1.625,0.312,False
Wed Feb 15 01:34:36 2017,-1.937,-1.625,0.312,False
Wed Feb 15 01:35:36 2017,-1.937,-1.625,0.312,False
Wed Feb 15 01:36:36 2017,-1.937,-1.625,0.312,False
Wed Feb 15 01:37:36 2017,-1.937,-1.687,0.25,False
Wed Feb 15 01:38:36 2017,-1.937,-1.625,0.312,False
Wed Feb 15 01:39:36 2017,-1.937,-1.687,0.25,False
Wed Feb 15 01:40:36 2017,-1.937,-1.687,0.25,False
Wed Feb 15 01:41:36 2017,-1.937,-1.687,0.25,False
Wed Feb 15 01:42:36 2017,-1.937,-1.687,0.25,False
Wed Feb 15 01:43:36 2017,-2.0,-1.687,0.313,False
Wed Feb 15 01:44:36 2017,-2.0,-1.687,0.313,False
Wed Feb 15 01:45:36 2017,-1.937,-1.687,0.25,False
Wed Feb 15 01:46:36 2017,-1.937,-1.687,0.25,False
Wed Feb 15 01:47:36 2017,-2.0,-1.687,0.313,False
Wed Feb 15 01:48:36 2017,-2.0,-1.687,0.313,False
Wed Feb 15 01:49:36 2017,-2.0,-1.687,0.313,False
Wed Feb 15 01:50:36 2017,-2.0,-1.687,0.313,False
Wed Feb 15 01:51:36 2017,-2.0,-1.687,0.313,False
Wed Feb 15 01:52:36 2017,-2.0,-1.687,0.313,False
Wed Feb 15 01:53:36 2017,-2.0,-1.687,0.313,False
Wed Feb 15 01:54:36 2017,-2.0,-1.687,0.313,False
Wed Feb 15 01:55:37 2017,-2.0,-1.75,0.25,False
Wed Feb 15 01:56:37 2017,-2.0,-1.687,0.313,False
Wed Feb 15 01:57:37 2017,-2.0,-1.687,0.313,False
Wed Feb 15 01:58:37 2017,-2.0,-1.687,0.313,False
Wed Feb 15 01:59:37 2017,-2.0,-1.687,0.313,False
Wed Feb 15 02:00:37 2017,-2.0,-1.687,0.313,False
Wed Feb 15 02:01:37 2017,-2.0,-1.75,0.25,False
Wed Feb 15 02:02:37 2017,-2.0,-1.687,0.313,False
Wed Feb 15 02:03:37 2017,-2.0,-1.687,0.313,False
Wed Feb 15 02:04:37 2017,-2.0,-1.687,0.313,False
Wed Feb 15 02:05:37 2017,-2.0,-1.687,0.313,False
Wed Feb 15 02:06:37 2017,-2.0,-1.687,0.313,False
Wed Feb 15 02:07:37 2017,-2.0,-1.687,0.313,False
Wed Feb 15 02:08:37 2017,-2.0,-1.687,0.313,False
Wed Feb 15 02:09:37 2017,-2.0,-1.75,0.25,False
Wed Feb 15 02:10:37 2017,-2.0,-1.687,0.313,False
Wed Feb 15 02:11:37 2017,-2.0,-1.75,0.25,False
Wed Feb 15 02:12:37 2017,-2.0,-1.75,0.25,False
Wed Feb 15 02:13:37 2017,-2.0,-1.75,0.25,False
Wed Feb 15 02:14:37 2017,-2.0,-1.75,0.25,False
Wed Feb 15 02:15:37 2017,-2.062,-1.75,0.312,False
Wed Feb 15 02:16:37 2017,-2.062,-1.75,0.312,False
Wed Feb 15 02:17:37 2017,-2.062,-1.75,0.312,False
Wed Feb 15 02:18:37 2017,-2.062,-1.75,0.312,False
Wed Feb 15 02:19:37 2017,-2.062,-1.75,0.312,False
Wed Feb 15 02:20:37 2017,-2.062,-1.75,0.312,False
Wed Feb 15 02:21:37 2017,-2.062,-1.75,0.312,False
Wed Feb 15 02:22:37 2017,-2.062,-1.75,0.312,False
Wed Feb 15 02:23:37 2017,-2.062,-1.75,0.312,False
Wed Feb 15 02:24:37 2017,-2.062,-1.75,0.312,False
Wed Feb 15 02:25:37 2017,-2.062,-1.75,0.312,False
Wed Feb 15 02:26:37 2017,-2.062,-1.75,0.312,False
Wed Feb 15 02:27:37 2017,-2.062,-1.75,0.312,False
Wed Feb 15 02:28:37 2017,-2.062,-1.75,0.312,False
Wed Feb 15 02:29:37 2017,-2.062,-1.75,0.312,False
Wed Feb 15 02:30:37 2017,-2.062,-1.75,0.312,False
Wed Feb 15 02:31:37 2017,-2.062,-1.812,0.25,False
Wed Feb 15 02:32:37 2017,-2.062,-1.812,0.25,False
Wed Feb 15 02:33:37 2017,-2.062,-1.812,0.25,False
Wed Feb 15 02:34:37 2017,-2.062,-1.812,0.25,False
Wed Feb 15 02:35:37 2017,-2.062,-1.812,0.25,False
Wed Feb 15 02:36:37 2017,-2.125,-1.75,0.375,False
Wed Feb 15 02:37:37 2017,-2.062,-1.812,0.25,False
Wed Feb 15 02:38:37 2017,-2.062,-1.812,0.25,False
Wed Feb 15 02:39:37 2017,-2.062,-1.75,0.312,False
Wed Feb 15 02:40:38 2017,-2.062,-1.812,0.25,False
Wed Feb 15 02:41:38 2017,-2.062,-1.812,0.25,False
Wed Feb 15 02:42:38 2017,-2.062,-1.812,0.25,False
Wed Feb 15 02:43:38 2017,-2.125,-1.75,0.375,False
Wed Feb 15 02:44:38 2017,-2.062,-1.812,0.25,False
Wed Feb 15 02:45:38 2017,-2.062,-1.812,0.25,False
Wed Feb 15 02:46:38 2017,-2.062,-1.812,0.25,False
Wed Feb 15 02:47:38 2017,-2.062,-1.812,0.25,False
Wed Feb 15 02:48:38 2017,-2.125,-1.812,0.313,False
Wed Feb 15 02:49:38 2017,-2.062,-1.812,0.25,False
Wed Feb 15 02:50:38 2017,-2.125,-1.812,0.313,False
Wed Feb 15 02:51:38 2017,-2.125,-1.812,0.313,False
Wed Feb 15 02:52:38 2017,-2.125,-1.812,0.313,False
Wed Feb 15 02:53:38 2017,-2.125,-1.812,0.313,False
Wed Feb 15 02:54:38 2017,-2.125,-1.812,0.313,False
Wed Feb 15 02:55:38 2017,-2.125,-1.812,0.313,False
Wed Feb 15 02:56:38 2017,-2.125,-1.812,0.313,False
Wed Feb 15 02:57:38 2017,-2.125,-1.812,0.313,False
Wed Feb 15 02:58:38 2017,-2.125,-1.812,0.313,False
Wed Feb 15 02:59:38 2017,-2.125,-1.812,0.313,False
Wed Feb 15 03:00:38 2017,-2.125,-1.812,0.313,False
Wed Feb 15 03:01:38 2017,-2.125,-1.812,0.313,False
Wed Feb 15 03:02:38 2017,-2.125,-1.812,0.313,False
Wed Feb 15 03:03:38 2017,-2.187,-1.812,0.375,False
Wed Feb 15 03:04:38 2017,-2.187,-1.812,0.375,False
Wed Feb 15 03:05:38 2017,-2.187,-1.812,0.375,False
Wed Feb 15 03:06:38 2017,-2.187,-1.812,0.375,False
Wed Feb 15 03:07:38 2017,-2.187,-1.812,0.375,False
Wed Feb 15 03:08:38 2017,-2.187,-1.875,0.312,False
Wed Feb 15 03:09:38 2017,-2.187,-1.875,0.312,False
Wed Feb 15 03:10:38 2017,-2.187,-1.875,0.312,False
Wed Feb 15 03:11:38 2017,-2.187,-1.875,0.312,False
Wed Feb 15 03:12:38 2017,-2.187,-1.875,0.312,False
Wed Feb 15 03:13:38 2017,-2.187,-1.875,0.312,False
Wed Feb 15 03:14:38 2017,-2.187,-1.812,0.375,False
Wed Feb 15 03:15:38 2017,-2.187,-1.875,0.312,False
Wed Feb 15 03:16:38 2017,-2.187,-1.875,0.312,False
Wed Feb 15 03:17:38 2017,-2.187,-1.875,0.312,False
Wed Feb 15 03:18:38 2017,-2.187,-1.875,0.312,False
Wed Feb 15 03:19:38 2017,-2.187,-1.875,0.312,False
Wed Feb 15 03:20:38 2017,-2.187,-1.875,0.312,False
Wed Feb 15 03:21:38 2017,-2.187,-1.875,0.312,False
Wed Feb 15 03:22:39 2017,-2.187,-1.875,0.312,False
Wed Feb 15 03:23:39 2017,-2.187,-1.875,0.312,False
Wed Feb 15 03:24:39 2017,-2.187,-1.875,0.312,False
Wed Feb 15 03:25:39 2017,-2.187,-1.875,0.312,False
Wed Feb 15 03:26:39 2017,-2.187,-1.875,0.312,False
Wed Feb 15 03:27:39 2017,-2.187,-1.875,0.312,False
Wed Feb 15 03:28:39 2017,-2.187,-1.937,0.25,False
Wed Feb 15 03:29:39 2017,-2.187,-1.875,0.312,False
Wed Feb 15 03:30:39 2017,-2.187,-1.875,0.312,False
Wed Feb 15 03:31:39 2017,-2.187,-1.937,0.25,False
Wed Feb 15 03:32:39 2017,-2.187,-1.875,0.312,False
Wed Feb 15 03:33:39 2017,-2.187,-1.875,0.312,False
Wed Feb 15 03:34:39 2017,-2.187,-1.875,0.312,False
Wed Feb 15 03:35:39 2017,-2.187,-1.875,0.312,False
Wed Feb 15 03:36:39 2017,-2.187,-1.875,0.312,False
Wed Feb 15 03:37:39 2017,-2.187,-1.875,0.312,False
Wed Feb 15 03:38:39 2017,-2.25,-1.937,0.313,False
Wed Feb 15 03:39:39 2017,-2.187,-1.937,0.25,False
Wed Feb 15 03:40:39 2017,-2.187,-1.937,0.25,False
Wed Feb 15 03:41:39 2017,-2.25,-1.937,0.313,False
Wed Feb 15 03:42:39 2017,-2.25,-1.937,0.313,False
Wed Feb 15 03:43:39 2017,-2.25,-1.937,0.313,False
Wed Feb 15 03:44:39 2017,-2.25,-1.937,0.313,False
Wed Feb 15 03:45:39 2017,-2.25,-1.937,0.313,False
Wed Feb 15 03:46:39 2017,-2.25,-1.937,0.313,False
Wed Feb 15 03:47:39 2017,-2.25,-1.937,0.313,False
Wed Feb 15 03:48:39 2017,-2.25,-1.937,0.313,False
Wed Feb 15 03:49:39 2017,-2.25,-1.937,0.313,False
Wed Feb 15 03:50:39 2017,-2.25,-1.937,0.313,False
Wed Feb 15 03:51:39 2017,-2.25,-1.937,0.313,False
Wed Feb 15 03:52:39 2017,-2.25,-1.937,0.313,False
Wed Feb 15 03:53:39 2017,-2.25,-1.937,0.313,False
Wed Feb 15 03:54:39 2017,-2.25,-1.937,0.313,False
Wed Feb 15 03:55:39 2017,-2.25,-1.937,0.313,False
Wed Feb 15 03:56:39 2017,-2.312,-1.937,0.375,False
Wed Feb 15 03:57:39 2017,-2.312,-1.937,0.375,False
Wed Feb 15 03:58:39 2017,-2.25,-1.937,0.313,False
Wed Feb 15 03:59:39 2017,-2.312,-1.937,0.375,False
Wed Feb 15 04:00:39 2017,-2.312,-1.937,0.375,False
Wed Feb 15 04:01:39 2017,-2.25,-1.937,0.313,False
Wed Feb 15 04:02:39 2017,-2.312,-1.937,0.375,False
Wed Feb 15 04:03:39 2017,-2.312,-1.937,0.375,False
Wed Feb 15 04:04:39 2017,-2.312,-2.0,0.312,False
Wed Feb 15 04:05:39 2017,-2.312,-2.0,0.312,False
Wed Feb 15 04:06:39 2017,-2.312,-2.0,0.312,False
Wed Feb 15 04:07:40 2017,-2.312,-1.937,0.375,False
Wed Feb 15 04:08:40 2017,-2.312,-1.937,0.375,False
Wed Feb 15 04:09:40 2017,-2.312,-1.937,0.375,False
Wed Feb 15 04:10:40 2017,-2.312,-1.937,0.375,False
Wed Feb 15 04:11:40 2017,-2.312,-2.0,0.312,False
Wed Feb 15 04:12:40 2017,-2.312,-2.0,0.312,False
Wed Feb 15 04:13:40 2017,-2.312,-1.937,0.375,False
Wed Feb 15 04:14:40 2017,-2.312,-2.0,0.312,False
Wed Feb 15 04:15:40 2017,-2.312,-2.0,0.312,False
Wed Feb 15 04:16:40 2017,-2.312,-2.0,0.312,False
Wed Feb 15 04:17:40 2017,-2.312,-2.0,0.312,False
Wed Feb 15 04:18:40 2017,-2.312,-2.0,0.312,False
Wed Feb 15 04:19:40 2017,-2.375,-2.0,0.375,False
Wed Feb 15 04:20:40 2017,-2.375,-2.0,0.375,False
Wed Feb 15 04:21:40 2017,-2.375,-2.0,0.375,False
Wed Feb 15 04:22:40 2017,-2.375,-2.0,0.375,False
Wed Feb 15 04:23:40 2017,-2.375,-2.0,0.375,False
Wed Feb 15 04:24:40 2017,-2.375,-2.0,0.375,False
Wed Feb 15 04:25:40 2017,-2.312,-2.0,0.312,False
Wed Feb 15 04:26:40 2017,-2.375,-2.0,0.375,False
Wed Feb 15 04:27:40 2017,-2.375,-2.0,0.375,False
Wed Feb 15 04:28:40 2017,-2.375,-2.0,0.375,False
Wed Feb 15 04:29:40 2017,-2.375,-2.0,0.375,False
Wed Feb 15 04:30:40 2017,-2.375,-2.062,0.313,False
Wed Feb 15 04:31:40 2017,-2.375,-2.0,0.375,False
Wed Feb 15 04:32:40 2017,-2.375,-2.0,0.375,False
Wed Feb 15 04:33:40 2017,-2.375,-2.0,0.375,False
Wed Feb 15 04:34:40 2017,-2.375,-2.0,0.375,False
Wed Feb 15 04:35:40 2017,-2.375,-2.0,0.375,False
Wed Feb 15 04:36:40 2017,-2.375,-2.0,0.375,False
Wed Feb 15 04:37:40 2017,-2.375,-2.0,0.375,False
Wed Feb 15 04:38:40 2017,-2.375,-2.0,0.375,False
Wed Feb 15 04:39:40 2017,-2.437,-2.0,0.437,False
Wed Feb 15 04:40:40 2017,-2.437,-2.0,0.437,False
Wed Feb 15 04:41:40 2017,-2.437,-2.0,0.437,False
Wed Feb 15 04:42:40 2017,-2.437,-2.0,0.437,False
Wed Feb 15 04:43:40 2017,-2.437,-2.0,0.437,False
Wed Feb 15 04:44:40 2017,-2.437,-2.0,0.437,False
Wed Feb 15 04:45:40 2017,-2.437,-2.0,0.437,False
Wed Feb 15 04:46:40 2017,-2.437,-2.0,0.437,False
Wed Feb 15 04:47:40 2017,-2.437,-2.062,0.375,False
Wed Feb 15 04:48:40 2017,-2.437,-2.062,0.375,False
Wed Feb 15 04:49:40 2017,-2.437,-2.062,0.375,False
Wed Feb 15 04:50:40 2017,-2.437,-2.0,0.437,False
Wed Feb 15 04:51:41 2017,-2.437,-2.062,0.375,False
Wed Feb 15 04:52:41 2017,-2.437,-2.062,0.375,False
Wed Feb 15 04:53:41 2017,-2.437,-2.0,0.437,False
Wed Feb 15 04:54:41 2017,-2.437,-2.062,0.375,False
Wed Feb 15 04:55:41 2017,-2.437,-2.0,0.437,False
Wed Feb 15 04:56:41 2017,-2.437,-2.0,0.437,False
Wed Feb 15 04:57:41 2017,-2.437,-2.0,0.437,False
Wed Feb 15 04:58:41 2017,-2.437,-2.062,0.375,False
Wed Feb 15 04:59:41 2017,-2.437,-2.062,0.375,False
Wed Feb 15 05:00:41 2017,-2.437,-2.062,0.375,False
Wed Feb 15 05:01:41 2017,-2.437,-2.062,0.375,False
Wed Feb 15 05:02:41 2017,-2.437,-2.0,0.437,False
Wed Feb 15 05:03:41 2017,-2.5,-2.062,0.438,False
Wed Feb 15 05:04:41 2017,-2.437,-2.062,0.375,False
Wed Feb 15 05:05:41 2017,-2.437,-2.0,0.437,False
Wed Feb 15 05:06:41 2017,-2.437,-2.062,0.375,False
Wed Feb 15 05:07:41 2017,-2.5,-2.062,0.438,False
Wed Feb 15 05:08:41 2017,-2.5,-2.062,0.438,False
Wed Feb 15 05:09:41 2017,-2.437,-2.062,0.375,False
Wed Feb 15 05:10:41 2017,-2.5,-2.0,0.5,False
Wed Feb 15 05:11:41 2017,-2.5,-2.062,0.438,False
Wed Feb 15 05:12:41 2017,-2.5,-2.062,0.438,False
Wed Feb 15 05:13:41 2017,-2.5,-2.0,0.5,False
Wed Feb 15 05:14:41 2017,-2.5,-2.062,0.438,False
Wed Feb 15 05:15:41 2017,-2.5,-2.0,0.5,False
Wed Feb 15 05:16:41 2017,-2.5,-2.062,0.438,False
Wed Feb 15 05:17:41 2017,-2.5,-2.062,0.438,False
Wed Feb 15 05:18:41 2017,-2.5,-2.062,0.438,False
Wed Feb 15 05:19:41 2017,-2.5,-2.062,0.438,False
Wed Feb 15 05:20:41 2017,-2.5,-2.062,0.438,False
Wed Feb 15 05:21:41 2017,-2.5,-2.062,0.438,False
Wed Feb 15 05:22:41 2017,-2.5,-2.062,0.438,False
Wed Feb 15 05:23:41 2017,-2.5,-2.062,0.438,False
Wed Feb 15 05:24:41 2017,-2.562,-2.062,0.5,False
Wed Feb 15 05:25:41 2017,-2.5,-2.062,0.438,False
Wed Feb 15 05:26:41 2017,-2.562,-2.062,0.5,False
Wed Feb 15 05:27:41 2017,-2.562,-2.062,0.5,False
Wed Feb 15 05:28:41 2017,-2.5,-2.062,0.438,False
Wed Feb 15 05:29:41 2017,-2.5,-2.062,0.438,False
Wed Feb 15 05:30:41 2017,-2.5,-2.062,0.438,False
Wed Feb 15 05:31:42 2017,-2.562,-2.062,0.5,False
Wed Feb 15 05:32:42 2017,-2.562,-2.062,0.5,False
Wed Feb 15 05:33:42 2017,-2.562,-2.062,0.5,False
Wed Feb 15 05:34:42 2017,-2.562,-2.062,0.5,False
Wed Feb 15 05:35:42 2017,-2.562,-2.062,0.5,False
Wed Feb 15 05:36:42 2017,-2.562,-2.062,0.5,False
Wed Feb 15 05:37:42 2017,-2.562,-2.062,0.5,False
Wed Feb 15 05:38:42 2017,-2.562,-2.062,0.5,False
Wed Feb 15 05:39:42 2017,-2.562,-2.062,0.5,False
Wed Feb 15 05:40:42 2017,-2.562,-2.062,0.5,False
Wed Feb 15 05:41:42 2017,-2.562,-2.062,0.5,False
Wed Feb 15 05:42:42 2017,-2.562,-2.062,0.5,False
Wed Feb 15 05:43:42 2017,-2.562,-2.125,0.437,False
Wed Feb 15 05:44:42 2017,-2.562,-2.062,0.5,False
Wed Feb 15 05:45:42 2017,-2.562,-2.062,0.5,False
Wed Feb 15 05:46:42 2017,-2.562,-2.062,0.5,False
Wed Feb 15 05:47:42 2017,-2.562,-2.062,0.5,False
Wed Feb 15 05:48:42 2017,-2.562,-2.125,0.437,False
Wed Feb 15 05:49:42 2017,-2.562,-2.125,0.437,False
Wed Feb 15 05:50:42 2017,-2.562,-2.125,0.437,False
Wed Feb 15 05:51:42 2017,-2.562,-2.125,0.437,False
Wed Feb 15 05:52:42 2017,-2.562,-2.125,0.437,False
Wed Feb 15 05:53:42 2017,-2.562,-2.125,0.437,False
Wed Feb 15 05:54:42 2017,-2.562,-2.125,0.437,False
Wed Feb 15 05:55:42 2017,-2.562,-2.125,0.437,False
Wed Feb 15 05:56:42 2017,-2.625,-2.062,0.563,False
Wed Feb 15 05:57:42 2017,-2.625,-2.125,0.5,False
Wed Feb 15 05:58:42 2017,-2.562,-2.062,0.5,False
Wed Feb 15 05:59:42 2017,-2.625,-2.125,0.5,False
Wed Feb 15 06:00:42 2017,-2.562,-2.125,0.437,False
Wed Feb 15 06:01:42 2017,-2.562,-2.125,0.437,False
Wed Feb 15 06:02:42 2017,-2.562,-2.062,0.5,False
Wed Feb 15 06:03:42 2017,-2.562,-2.125,0.437,False
Wed Feb 15 06:04:42 2017,-2.625,-2.125,0.5,False
Wed Feb 15 06:05:42 2017,-2.625,-2.125,0.5,False
Wed Feb 15 06:06:42 2017,-2.625,-2.125,0.5,False
Wed Feb 15 06:07:42 2017,-2.625,-2.125,0.5,False
Wed Feb 15 06:08:42 2017,-2.625,-2.125,0.5,False
Wed Feb 15 06:09:42 2017,-2.625,-2.125,0.5,False
Wed Feb 15 06:10:42 2017,-2.625,-2.125,0.5,False
Wed Feb 15 06:11:42 2017,-2.625,-2.125,0.5,False
Wed Feb 15 06:12:42 2017,-2.625,-2.125,0.5,False
Wed Feb 15 06:13:42 2017,-2.625,-2.125,0.5,False
Wed Feb 15 06:14:42 2017,-2.625,-2.125,0.5,False
Wed Feb 15 06:15:42 2017,-2.562,-2.125,0.437,False
Wed Feb 15 06:16:42 2017,-2.625,-2.125,0.5,False
Wed Feb 15 06:17:42 2017,-2.625,-2.125,0.5,False
Wed Feb 15 06:18:42 2017,-2.625,-2.125,0.5,False
Wed Feb 15 06:19:42 2017,-2.625,-2.125,0.5,False
Wed Feb 15 06:20:42 2017,-2.625,-2.125,0.5,False
Wed Feb 15 06:21:42 2017,-2.625,-2.125,0.5,False
Wed Feb 15 06:22:42 2017,-2.625,-2.125,0.5,False
Wed Feb 15 06:23:42 2017,-2.625,-2.125,0.5,False
Wed Feb 15 06:24:43 2017,-2.625,-2.125,0.5,False
Wed Feb 15 06:25:43 2017,-2.625,-2.125,0.5,False
Wed Feb 15 06:26:43 2017,-2.625,-2.125,0.5,False
Wed Feb 15 06:27:43 2017,-2.625,-2.125,0.5,False
Wed Feb 15 06:28:43 2017,-2.625,-2.125,0.5,False
Wed Feb 15 06:29:43 2017,-2.625,-2.125,0.5,False
Wed Feb 15 06:30:43 2017,-2.625,-2.125,0.5,False
Wed Feb 15 06:31:43 2017,-2.625,-2.125,0.5,False
Wed Feb 15 06:32:43 2017,-2.625,-2.125,0.5,False
Wed Feb 15 06:33:43 2017,-2.625,-2.125,0.5,False
Wed Feb 15 06:34:43 2017,-2.625,-2.125,0.5,False
Wed Feb 15 06:35:43 2017,-2.625,-2.125,0.5,False
Wed Feb 15 06:36:43 2017,-2.625,-2.125,0.5,False
Wed Feb 15 06:37:43 2017,-2.625,-2.125,0.5,False
Wed Feb 15 06:38:43 2017,-2.625,-2.187,0.438,False
Wed Feb 15 06:39:43 2017,-2.625,-2.187,0.438,False
Wed Feb 15 06:40:43 2017,-2.625,-2.125,0.5,False
Wed Feb 15 06:41:43 2017,-2.625,-2.125,0.5,False
Wed Feb 15 06:42:43 2017,-2.625,-2.125,0.5,False
Wed Feb 15 06:43:43 2017,-2.625,-2.125,0.5,False
Wed Feb 15 06:44:43 2017,-2.625,-2.125,0.5,False
Wed Feb 15 06:45:43 2017,-2.687,-2.125,0.562,False
Wed Feb 15 06:46:43 2017,-2.625,-2.125,0.5,False
Wed Feb 15 06:47:43 2017,-2.687,-2.125,0.562,False
Wed Feb 15 06:48:43 2017,-2.625,-2.187,0.438,False
Wed Feb 15 06:49:43 2017,-2.625,-2.187,0.438,False
Wed Feb 15 06:50:43 2017,-2.625,-2.187,0.438,False
Wed Feb 15 06:51:43 2017,-2.687,-2.187,0.5,False
Wed Feb 15 06:52:43 2017,-2.625,-2.187,0.438,False
Wed Feb 15 06:53:43 2017,-2.687,-2.187,0.5,False
Wed Feb 15 06:54:43 2017,-2.687,-2.125,0.562,False
Wed Feb 15 06:55:43 2017,-2.625,-2.187,0.438,False
Wed Feb 15 06:56:43 2017,-2.687,-2.125,0.562,False
Wed Feb 15 06:57:43 2017,-2.687,-2.187,0.5,False
Wed Feb 15 06:58:44 2017,-2.687,-2.187,0.5,False
Wed Feb 15 06:59:44 2017,-2.687,-2.125,0.562,False
Wed Feb 15 07:00:44 2017,-2.687,-2.187,0.5,False
Wed Feb 15 07:01:44 2017,-2.687,-2.187,0.5,False
Wed Feb 15 07:02:44 2017,-2.687,-2.125,0.562,False
Wed Feb 15 07:03:44 2017,-2.625,-2.187,0.438,False
Wed Feb 15 07:04:44 2017,-2.687,-2.187,0.5,False
Wed Feb 15 07:05:44 2017,-2.687,-2.187,0.5,False
Wed Feb 15 07:06:44 2017,-2.687,-2.187,0.5,False
Wed Feb 15 07:07:44 2017,-2.687,-2.187,0.5,False
Wed Feb 15 07:08:44 2017,-2.687,-2.187,0.5,False
Wed Feb 15 07:09:44 2017,-2.687,-2.187,0.5,False
Wed Feb 15 07:10:44 2017,-2.687,-2.187,0.5,False
Wed Feb 15 07:11:44 2017,-2.687,-2.187,0.5,False
Wed Feb 15 07:12:44 2017,-2.687,-2.187,0.5,False
Wed Feb 15 07:13:44 2017,-2.687,-2.187,0.5,False
Wed Feb 15 07:14:44 2017,-2.687,-2.187,0.5,False
Wed Feb 15 07:15:44 2017,-2.687,-2.187,0.5,False
Wed Feb 15 07:16:44 2017,-2.687,-2.187,0.5,False
Wed Feb 15 07:17:44 2017,-2.687,-2.187,0.5,False
Wed Feb 15 07:18:44 2017,-2.687,-2.187,0.5,False
Wed Feb 15 07:19:44 2017,-2.687,-2.187,0.5,False
Wed Feb 15 07:20:44 2017,-2.687,-2.187,0.5,False
Wed Feb 15 07:21:44 2017,-2.75,-2.187,0.563,False
Wed Feb 15 07:22:44 2017,-2.75,-2.187,0.563,False
Wed Feb 15 07:23:44 2017,-2.687,-2.187,0.5,False
Wed Feb 15 07:24:44 2017,-2.687,-2.187,0.5,False
Wed Feb 15 07:25:44 2017,-2.687,-2.187,0.5,False
Wed Feb 15 07:26:44 2017,-2.687,-2.187,0.5,False
Wed Feb 15 07:27:44 2017,-2.75,-2.187,0.563,False
Wed Feb 15 07:28:44 2017,-2.75,-2.187,0.563,False
Wed Feb 15 07:29:44 2017,-2.687,-2.25,0.437,False
Wed Feb 15 07:30:44 2017,-2.75,-2.187,0.563,False
Wed Feb 15 07:31:44 2017,-2.75,-2.187,0.563,False
Wed Feb 15 07:32:44 2017,-2.75,-2.187,0.563,False
Wed Feb 15 07:33:44 2017,-2.75,-2.187,0.563,False
Wed Feb 15 07:34:44 2017,-2.75,-2.187,0.563,False
Wed Feb 15 07:35:44 2017,-2.75,-2.187,0.563,False
Wed Feb 15 07:36:44 2017,-2.812,-2.187,0.625,False
Wed Feb 15 07:37:44 2017,-2.812,-2.25,0.562,False
Wed Feb 15 07:38:44 2017,-2.812,-2.187,0.625,False
Wed Feb 15 07:39:44 2017,-2.812,-2.187,0.625,False
Wed Feb 15 07:40:44 2017,-2.812,-2.187,0.625,False
Wed Feb 15 07:41:44 2017,-2.812,-2.187,0.625,False
Wed Feb 15 07:42:44 2017,-2.812,-2.25,0.562,False
Wed Feb 15 07:43:44 2017,-2.812,-2.187,0.625,False
Wed Feb 15 07:44:44 2017,-2.812,-2.187,0.625,False
Wed Feb 15 07:45:44 2017,-2.875,-2.187,0.688,False
Wed Feb 15 07:46:44 2017,-2.875,-2.187,0.688,False
Wed Feb 15 07:47:44 2017,-2.875,-2.187,0.688,False
Wed Feb 15 07:48:44 2017,-2.875,-2.25,0.625,False
Wed Feb 15 07:49:44 2017,-2.875,-2.25,0.625,False
Wed Feb 15 07:50:44 2017,-2.875,-2.25,0.625,False
Wed Feb 15 07:51:45 2017,-2.875,-2.187,0.688,False
Wed Feb 15 07:52:45 2017,-2.875,-2.187,0.688,False
Wed Feb 15 07:53:45 2017,-2.875,-2.25,0.625,False
Wed Feb 15 07:54:45 2017,-2.875,-2.25,0.625,False
Wed Feb 15 07:55:45 2017,-2.875,-2.25,0.625,False
Wed Feb 15 07:56:45 2017,-2.875,-2.25,0.625,False
Wed Feb 15 07:57:45 2017,-2.812,-2.25,0.562,False
Wed Feb 15 07:58:45 2017,-2.812,-2.25,0.562,False
Wed Feb 15 07:59:45 2017,-2.812,-2.187,0.625,False
Wed Feb 15 08:00:45 2017,-2.812,-2.187,0.625,False
Wed Feb 15 08:01:45 2017,-2.75,-2.187,0.563,False
Wed Feb 15 08:02:45 2017,-2.75,-2.187,0.563,False
Wed Feb 15 08:03:45 2017,-2.75,-2.187,0.563,False
Wed Feb 15 08:04:45 2017,-2.687,-2.187,0.5,False
Wed Feb 15 08:05:45 2017,-2.687,-2.187,0.5,False
Wed Feb 15 08:06:45 2017,-2.687,-2.187,0.5,False
Wed Feb 15 08:07:45 2017,-2.625,-2.187,0.438,False
Wed Feb 15 08:08:45 2017,-2.562,-2.187,0.375,False
Wed Feb 15 08:09:45 2017,-2.562,-2.187,0.375,False
Wed Feb 15 08:10:45 2017,-2.562,-2.187,0.375,False
Wed Feb 15 08:11:45 2017,-2.5,-2.187,0.313,False
Wed Feb 15 08:12:45 2017,-2.5,-2.187,0.313,False
Wed Feb 15 08:13:45 2017,-2.437,-2.25,0.187,False
Wed Feb 15 08:14:45 2017,-2.437,-2.25,0.187,False
Wed Feb 15 08:15:45 2017,-2.437,-2.25,0.187,False
Wed Feb 15 08:16:45 2017,-2.375,-2.25,0.125,False
Wed Feb 15 08:17:45 2017,-2.312,-2.25,0.062,False
Wed Feb 15 08:18:45 2017,-2.25,-2.25,0.0,False
Wed Feb 15 08:19:45 2017,-2.187,-2.187,0.0,False
Wed Feb 15 08:20:45 2017,-2.125,-2.187,0.062,False
Wed Feb 15 08:21:45 2017,-2.062,-2.25,0.188,False
Wed Feb 15 08:22:45 2017,-2.0,-2.25,0.25,False
Wed Feb 15 08:23:45 2017,-1.875,-2.25,0.375,False
Wed Feb 15 08:24:45 2017,-1.75,-2.25,0.5,False
Wed Feb 15 08:25:45 2017,-1.687,-2.25,0.563,False
Wed Feb 15 08:26:45 2017,-1.625,-2.187,0.562,False
Wed Feb 15 08:27:45 2017,-1.562,-2.187,0.625,False
Wed Feb 15 08:28:45 2017,-1.5,-2.25,0.75,False
Wed Feb 15 08:29:45 2017,-1.437,-2.187,0.75,False
Wed Feb 15 08:30:45 2017,-1.375,-2.187,0.812,False
Wed Feb 15 08:31:46 2017,-1.312,-2.187,0.875,False
Wed Feb 15 08:32:46 2017,-1.25,-2.187,0.937,False
Wed Feb 15 08:33:46 2017,-1.187,-2.187,1.0,False
Wed Feb 15 08:34:46 2017,-1.125,-2.187,1.062,False
Wed Feb 15 08:35:46 2017,-1.062,-2.187,1.125,False
Wed Feb 15 08:36:46 2017,-1.0,-2.187,1.187,False
Wed Feb 15 08:37:46 2017,-0.937,-2.187,1.25,False
Wed Feb 15 08:38:46 2017,-0.875,-2.187,1.312,False
Wed Feb 15 08:39:46 2017,-0.812,-2.187,1.375,False
Wed Feb 15 08:40:46 2017,-0.75,-2.25,1.5,False
Wed Feb 15 08:41:46 2017,-0.625,-2.187,1.562,False
Wed Feb 15 08:42:46 2017,-0.625,-2.187,1.562,False
Wed Feb 15 08:43:46 2017,-0.562,-2.187,1.625,False
Wed Feb 15 08:44:46 2017,-0.5,-2.187,1.687,False
Wed Feb 15 08:45:46 2017,-0.437,-2.187,1.75,False
Wed Feb 15 08:46:46 2017,-0.375,-2.187,1.812,False
Wed Feb 15 08:47:46 2017,-0.312,-2.187,1.875,False
Wed Feb 15 08:48:46 2017,-0.187,-2.187,2.0,False
Wed Feb 15 08:49:46 2017,-0.125,-2.187,2.062,False
Wed Feb 15 08:50:46 2017,0.0,-2.187,2.187,False
Wed Feb 15 08:51:46 2017,0.125,-2.187,2.312,False
Wed Feb 15 08:52:46 2017,0.187,-2.187,2.374,False
Wed Feb 15 08:53:46 2017,0.312,-2.187,2.499,False
Wed Feb 15 08:54:46 2017,0.437,-2.187,2.624,False
Wed Feb 15 08:55:46 2017,0.562,-2.187,2.749,False
Wed Feb 15 08:56:46 2017,0.625,-2.187,2.812,False
Wed Feb 15 08:57:46 2017,0.75,-2.187,2.937,False
Wed Feb 15 08:58:46 2017,0.75,-2.187,2.937,False
Wed Feb 15 08:59:46 2017,0.875,-2.187,3.062,False
Wed Feb 15 09:00:46 2017,0.937,-2.187,3.124,False
Wed Feb 15 09:01:46 2017,1.0,-2.187,3.187,False
Wed Feb 15 09:02:46 2017,1.062,-2.187,3.249,False
Wed Feb 15 09:03:46 2017,1.125,-2.187,3.312,False
Wed Feb 15 09:04:46 2017,1.187,-2.125,3.312,False
Wed Feb 15 09:05:46 2017,1.25,-2.125,3.375,False
Wed Feb 15 09:06:46 2017,1.312,-2.125,3.437,False
Wed Feb 15 09:07:46 2017,1.375,-2.125,3.5,False
Wed Feb 15 09:08:46 2017,1.5,-2.125,3.625,False
Wed Feb 15 09:09:47 2017,1.562,-2.187,3.749,False
Wed Feb 15 09:10:47 2017,1.687,-2.187,3.874,False
Wed Feb 15 09:11:47 2017,1.875,-2.125,4.0,False
Wed Feb 15 09:12:47 2017,2.062,-2.125,4.187,False
Wed Feb 15 09:13:47 2017,2.187,-2.187,4.374,False
Wed Feb 15 09:14:47 2017,2.375,-2.187,4.562,False
Wed Feb 15 09:15:47 2017,2.562,-2.125,4.687,False
Wed Feb 15 09:16:47 2017,2.75,-2.125,4.875,False
Wed Feb 15 09:17:47 2017,2.937,-2.187,5.124,False
Wed Feb 15 09:18:47 2017,3.125,-2.187,5.312,False
Wed Feb 15 09:19:47 2017,3.375,-2.187,5.562,False
Wed Feb 15 09:20:47 2017,3.5,-2.187,5.687,False
Wed Feb 15 09:21:47 2017,3.687,-2.187,5.874,False
Wed Feb 15 09:22:47 2017,3.937,-2.125,6.062,False
Wed Feb 15 09:23:47 2017,4.125,-2.125,6.25,False
Wed Feb 15 09:24:47 2017,4.312,-2.125,6.437,False
Wed Feb 15 09:25:47 2017,4.625,-2.125,6.75,False
Wed Feb 15 09:26:47 2017,4.937,-2.125,7.062,False
Wed Feb 15 09:27:47 2017,5.312,-2.125,7.437,False
Wed Feb 15 09:28:47 2017,5.687,-2.125,7.812,False
Wed Feb 15 09:29:47 2017,6.062,-2.125,8.187,False
Wed Feb 15 09:30:47 2017,6.562,-2.125,8.687,False
Wed Feb 15 09:31:47 2017,7.0,-2.125,9.125,False
Wed Feb 15 09:32:47 2017,7.375,-2.125,9.5,False
Wed Feb 15 09:33:47 2017,7.812,-2.125,9.937,False
Wed Feb 15 09:34:47 2017,8.25,-2.125,10.375,False
Wed Feb 15 09:35:47 2017,8.625,-2.125,10.75,False
Wed Feb 15 09:36:47 2017,8.937,-2.125,11.062,False
Wed Feb 15 09:37:47 2017,9.312,-2.062,11.374,False
Wed Feb 15 09:38:47 2017,9.625,-2.125,11.75,False
Wed Feb 15 09:39:47 2017,9.937,-2.125,12.062,False
Wed Feb 15 09:40:47 2017,10.312,-2.062,12.374,False
Wed Feb 15 09:41:47 2017,10.75,-2.062,12.812,False
Wed Feb 15 09:42:47 2017,11.312,-2.062,13.374,False
Wed Feb 15 09:43:47 2017,11.875,-2.125,14.0,False
Wed Feb 15 09:44:47 2017,12.625,-2.125,14.75,False
Wed Feb 15 09:45:47 2017,13.312,-2.062,15.374,False
Wed Feb 15 09:46:47 2017,14.062,-2.062,16.124,False
Wed Feb 15 09:47:47 2017,14.812,-2.062,16.874,False
Wed Feb 15 09:48:47 2017,15.437,-2.062,17.499,False
Wed Feb 15 09:49:47 2017,16.0,-2.062,18.062,False
Wed Feb 15 09:50:47 2017,16.562,-2.062,18.624,False
Wed Feb 15 09:51:47 2017,17.062,-2.062,19.124,False
Wed Feb 15 09:52:47 2017,17.562,-2.062,19.624,False
Wed Feb 15 09:53:47 2017,18.0,-2.062,20.062,False
Wed Feb 15 09:54:47 2017,18.375,-2.062,20.437,False
Wed Feb 15 09:55:48 2017,18.75,-2.062,20.812,False
Wed Feb 15 09:56:48 2017,19.062,-2.062,21.124,False
Wed Feb 15 09:57:48 2017,19.375,-2.062,21.437,False
Wed Feb 15 09:58:48 2017,19.687,-2.062,21.749,False
Wed Feb 15 09:59:48 2017,20.0,-2.0,22.0,False
Wed Feb 15 10:00:48 2017,20.312,-2.062,22.374,False
Wed Feb 15 10:01:48 2017,20.562,-2.062,22.624,False
Wed Feb 15 10:02:48 2017,20.75,-2.0,22.75,False
Wed Feb 15 10:03:48 2017,20.875,-2.0,22.875,False
Wed Feb 15 10:04:48 2017,21.062,-2.0,23.062,False
Wed Feb 15 10:05:48 2017,21.25,-2.0,23.25,False
Wed Feb 15 10:06:48 2017,21.5,-2.0,23.5,False
Wed Feb 15 10:07:48 2017,21.875,-2.062,23.937,False
Wed Feb 15 10:08:48 2017,22.25,-2.0,24.25,False
Wed Feb 15 10:09:48 2017,22.75,-2.0,24.75,False
Wed Feb 15 10:10:48 2017,23.312,-2.0,25.312,False
Wed Feb 15 10:11:48 2017,23.812,-2.0,25.812,False
Wed Feb 15 10:12:48 2017,24.312,-2.0,26.312,False
Wed Feb 15 10:13:48 2017,24.687,-2.0,26.687,False
Wed Feb 15 10:14:48 2017,24.937,-2.0,26.937,False
Wed Feb 15 10:15:48 2017,25.187,-2.0,27.187,False
Wed Feb 15 10:16:48 2017,25.312,-2.0,27.312,False
Wed Feb 15 10:17:48 2017,25.312,-2.0,27.312,False
Wed Feb 15 10:18:48 2017,25.312,-2.0,27.312,False
Wed Feb 15 10:19:48 2017,25.25,-1.937,27.187,False
Wed Feb 15 10:20:48 2017,25.187,-1.937,27.124,False
Wed Feb 15 10:21:48 2017,25.062,-1.937,26.999,False
Wed Feb 15 10:22:48 2017,24.937,-1.937,26.874,False
Wed Feb 15 10:23:48 2017,24.812,-1.937,26.749,False
Wed Feb 15 10:24:48 2017,24.687,-1.937,26.624,False
Wed Feb 15 10:25:48 2017,24.562,-1.937,26.499,False
Wed Feb 15 10:26:48 2017,24.375,-1.937,26.312,False
Wed Feb 15 10:27:48 2017,24.25,-1.937,26.187,False
Wed Feb 15 10:28:48 2017,24.125,-1.937,26.062,False
Wed Feb 15 10:29:48 2017,23.875,-1.937,25.812,False
Wed Feb 15 10:30:48 2017,23.75,-1.937,25.687,False
Wed Feb 15 10:31:48 2017,23.625,-1.937,25.562,False
Wed Feb 15 10:32:48 2017,23.5,-1.937,25.437,False
Wed Feb 15 10:33:48 2017,23.437,-1.937,25.374,False
Wed Feb 15 10:34:48 2017,23.312,-1.875,25.187,False
Wed Feb 15 10:35:48 2017,23.25,-1.875,25.125,False
Wed Feb 15 10:36:48 2017,23.125,-1.875,25.0,False
Wed Feb 15 10:37:48 2017,23.062,-1.875,24.937,False
Wed Feb 15 10:38:48 2017,23.125,-1.875,25.0,False
Wed Feb 15 10:39:48 2017,23.187,-1.875,25.062,False
Wed Feb 15 10:40:49 2017,23.187,-1.875,25.062,False
Wed Feb 15 10:41:49 2017,23.187,-1.875,25.062,False
Wed Feb 15 10:42:49 2017,23.25,-1.875,25.125,False
Wed Feb 15 10:43:49 2017,23.375,-1.875,25.25,False
Wed Feb 15 10:44:49 2017,23.562,-1.875,25.437,False
Wed Feb 15 10:45:49 2017,23.562,-1.875,25.437,False
Wed Feb 15 10:46:49 2017,23.625,-1.875,25.5,False
Wed Feb 15 10:47:49 2017,23.625,-1.812,25.437,False
Wed Feb 15 10:48:49 2017,23.625,-1.812,25.437,False
Wed Feb 15 10:49:49 2017,23.5,-1.812,25.312,False
Wed Feb 15 10:50:49 2017,23.437,-1.812,25.249,False
Wed Feb 15 10:51:49 2017,23.312,-1.812,25.124,False
Wed Feb 15 10:52:49 2017,23.25,-1.812,25.062,False
Wed Feb 15 10:53:49 2017,23.062,-1.812,24.874,False
Wed Feb 15 10:54:49 2017,23.0,-1.75,24.75,False
Wed Feb 15 10:55:49 2017,22.937,-1.812,24.749,False
Wed Feb 15 10:56:49 2017,22.875,-1.75,24.625,False
Wed Feb 15 10:57:49 2017,22.875,-1.812,24.687,False
Wed Feb 15 10:58:49 2017,22.875,-1.75,24.625,False
Wed Feb 15 10:59:49 2017,23.0,-1.75,24.75,False
Wed Feb 15 11:00:49 2017,23.0,-1.75,24.75,False
Wed Feb 15 11:01:49 2017,23.0,-1.75,24.75,False
Wed Feb 15 11:02:49 2017,23.062,-1.75,24.812,False
Wed Feb 15 11:03:49 2017,23.125,-1.75,24.875,False
Wed Feb 15 11:04:49 2017,23.062,-1.75,24.812,False
Wed Feb 15 11:05:49 2017,23.0,-1.75,24.75,False
Wed Feb 15 11:06:50 2017,22.875,-1.687,24.562,False
Wed Feb 15 11:07:49 2017,22.687,-1.75,24.437,False
Wed Feb 15 11:08:49 2017,22.5,-1.687,24.187,False
Wed Feb 15 11:09:49 2017,22.25,-1.687,23.937,False
Wed Feb 15 11:10:49 2017,22.062,-1.687,23.749,False
Wed Feb 15 11:11:49 2017,21.812,-1.687,23.499,False
Wed Feb 15 11:12:49 2017,21.5,-1.687,23.187,False
Wed Feb 15 11:13:49 2017,21.312,-1.687,22.999,False
Wed Feb 15 11:14:49 2017,21.0,-1.625,22.625,False
Wed Feb 15 11:15:49 2017,20.75,-1.625,22.375,False
Wed Feb 15 11:16:49 2017,20.437,-1.625,22.062,False
Wed Feb 15 11:17:49 2017,20.125,-1.625,21.75,False
Wed Feb 15 11:18:49 2017,19.875,-1.625,21.5,False
Wed Feb 15 11:19:49 2017,19.562,-1.625,21.187,False
Wed Feb 15 11:20:49 2017,19.312,-1.625,20.937,False
Wed Feb 15 11:21:49 2017,19.125,-1.625,20.75,False
Wed Feb 15 11:22:49 2017,18.812,-1.625,20.437,False
Wed Feb 15 11:23:49 2017,18.562,-1.625,20.187,False
Wed Feb 15 11:24:49 2017,18.312,-1.625,19.937,False
Wed Feb 15 11:25:50 2017,18.062,-1.625,19.687,False
Wed Feb 15 11:26:50 2017,17.75,-1.625,19.375,False
Wed Feb 15 11:27:50 2017,17.437,-1.625,19.062,False
Wed Feb 15 11:28:50 2017,17.125,-1.625,18.75,False
Wed Feb 15 11:29:50 2017,16.875,-1.562,18.437,False
Wed Feb 15 11:30:50 2017,16.687,-1.562,18.249,False
Wed Feb 15 11:31:50 2017,16.5,-1.562,18.062,False
Wed Feb 15 11:32:50 2017,16.375,-1.562,17.937,False
Wed Feb 15 11:33:50 2017,16.25,-1.562,17.812,False
Wed Feb 15 11:34:50 2017,16.125,-1.562,17.687,False
Wed Feb 15 11:35:50 2017,16.062,-1.562,17.624,False
Wed Feb 15 11:36:50 2017,16.0,-1.562,17.562,False
Wed Feb 15 11:37:50 2017,15.937,-1.562,17.499,False
Wed Feb 15 11:38:50 2017,15.812,-1.562,17.374,False
Wed Feb 15 11:39:50 2017,15.812,-1.5,17.312,False
Wed Feb 15 11:40:50 2017,15.687,-1.5,17.187,False
Wed Feb 15 11:41:50 2017,15.625,-1.5,17.125,False
Wed Feb 15 11:42:50 2017,15.625,-1.5,17.125,False
Wed Feb 15 11:43:50 2017,15.562,-1.5,17.062,False
Wed Feb 15 11:44:50 2017,15.5,-1.5,17.0,False
Wed Feb 15 11:45:50 2017,15.437,-1.437,16.874,False
Wed Feb 15 11:46:50 2017,15.375,-1.5,16.875,False
Wed Feb 15 11:47:50 2017,15.312,-1.437,16.749,False
Wed Feb 15 11:48:50 2017,15.312,-1.437,16.749,False
Wed Feb 15 11:49:50 2017,15.312,-1.5,16.812,False
Wed Feb 15 11:50:50 2017,15.25,-1.437,16.687,False
Wed Feb 15 11:51:50 2017,15.312,-1.437,16.749,False
Wed Feb 15 11:52:50 2017,15.312,-1.437,16.749,False
Wed Feb 15 11:53:50 2017,15.312,-1.437,16.749,False
Wed Feb 15 11:54:50 2017,15.312,-1.437,16.749,False
Wed Feb 15 11:55:50 2017,15.312,-1.437,16.749,False
Wed Feb 15 11:56:50 2017,15.25,-1.437,16.687,False
Wed Feb 15 11:57:50 2017,15.25,-1.375,16.625,False
Wed Feb 15 11:58:50 2017,15.25,-1.375,16.625,False
Wed Feb 15 11:59:50 2017,15.125,-1.375,16.5,False
Wed Feb 15 12:00:50 2017,15.125,-1.375,16.5,False
Wed Feb 15 12:01:50 2017,15.062,-1.375,16.437,False
Wed Feb 15 12:02:50 2017,15.0,-1.375,16.375,False
Wed Feb 15 12:03:50 2017,15.0,-1.375,16.375,False
Wed Feb 15 12:04:51 2017,15.0,-1.375,16.375,False
Wed Feb 15 12:05:51 2017,14.937,-1.375,16.312,False
Wed Feb 15 12:06:51 2017,15.062,-1.312,16.374,False
Wed Feb 15 12:07:51 2017,15.062,-1.312,16.374,False
Wed Feb 15 12:08:51 2017,15.187,-1.312,16.499,False
Wed Feb 15 12:09:51 2017,15.25,-1.312,16.562,False
Wed Feb 15 12:10:51 2017,15.312,-1.312,16.624,False
Wed Feb 15 12:11:51 2017,15.437,-1.312,16.749,False
Wed Feb 15 12:12:51 2017,15.437,-1.312,16.749,False
Wed Feb 15 12:13:51 2017,15.5,-1.312,16.812,False
Wed Feb 15 12:14:51 2017,15.5,-1.312,16.812,False
Wed Feb 15 12:15:51 2017,15.437,-1.312,16.749,False
Wed Feb 15 12:16:51 2017,15.437,-1.312,16.749,False
Wed Feb 15 12:17:51 2017,15.437,-1.312,16.749,False
Wed Feb 15 12:18:51 2017,15.437,-1.312,16.749,False
Wed Feb 15 12:19:51 2017,15.437,-1.312,16.749,False
Wed Feb 15 12:20:51 2017,15.375,-1.312,16.687,False
Wed Feb 15 12:21:51 2017,15.312,-1.312,16.624,False
Wed Feb 15 12:22:51 2017,15.25,-1.312,16.562,False
Wed Feb 15 12:23:51 2017,15.125,-1.312,16.437,False
Wed Feb 15 12:24:51 2017,15.0,-1.312,16.312,False
Wed Feb 15 12:25:51 2017,14.812,-1.312,16.124,False
Wed Feb 15 12:26:51 2017,14.625,-1.312,15.937,False
Wed Feb 15 12:27:51 2017,14.437,-1.312,15.749,False
Wed Feb 15 12:28:51 2017,14.25,-1.25,15.5,False
Wed Feb 15 12:29:51 2017,14.0,-1.312,15.312,False
Wed Feb 15 12:30:51 2017,13.75,-1.312,15.062,False
Wed Feb 15 12:31:51 2017,13.5,-1.25,14.75,False
Wed Feb 15 12:32:51 2017,13.375,-1.25,14.625,False
Wed Feb 15 12:33:51 2017,13.125,-1.312,14.437,False
Wed Feb 15 12:34:51 2017,12.875,-1.312,14.187,False
Wed Feb 15 12:35:51 2017,12.625,-1.312,13.937,False
Wed Feb 15 12:36:51 2017,12.375,-1.25,13.625,False
Wed Feb 15 12:37:51 2017,12.187,-1.312,13.499,False
Wed Feb 15 12:38:51 2017,11.937,-1.312,13.249,False
Wed Feb 15 12:39:51 2017,11.75,-1.312,13.062,False
Wed Feb 15 12:40:51 2017,11.562,-1.312,12.874,False
Wed Feb 15 12:41:51 2017,11.312,-1.312,12.624,False
Wed Feb 15 12:42:51 2017,11.187,-1.25,12.437,False
Wed Feb 15 12:43:51 2017,11.0,-1.25,12.25,False
Wed Feb 15 12:44:51 2017,10.812,-1.25,12.062,False
Wed Feb 15 12:45:51 2017,10.625,-1.25,11.875,False
Wed Feb 15 12:46:51 2017,10.437,-1.187,11.624,False
Wed Feb 15 12:47:52 2017,10.312,-1.187,11.499,False
Wed Feb 15 12:48:52 2017,10.187,-1.187,11.374,False
Wed Feb 15 12:49:52 2017,10.062,-1.187,11.249,False
Wed Feb 15 12:50:52 2017,9.937,-1.187,11.124,False
Wed Feb 15 12:51:52 2017,9.812,-1.187,10.999,False
Wed Feb 15 12:52:52 2017,9.75,-1.187,10.937,False
Wed Feb 15 12:53:52 2017,9.625,-1.187,10.812,False
Wed Feb 15 12:54:52 2017,9.5,-1.25,10.75,False
Wed Feb 15 12:55:52 2017,9.437,-1.25,10.687,False
Wed Feb 15 12:56:52 2017,9.375,-1.25,10.625,False
Wed Feb 15 12:57:52 2017,9.312,-1.25,10.562,False
Wed Feb 15 12:58:52 2017,9.187,-1.187,10.374,False
Wed Feb 15 12:59:52 2017,9.125,-1.25,10.375,False
Wed Feb 15 13:00:52 2017,9.125,-1.25,10.375,False
Wed Feb 15 13:01:52 2017,9.062,-1.25,10.312,False
Wed Feb 15 13:02:52 2017,9.0,-1.25,10.25,False
Wed Feb 15 13:03:52 2017,8.937,-1.25,10.187,False
Wed Feb 15 13:04:52 2017,8.875,-1.25,10.125,False
Wed Feb 15 13:05:52 2017,8.812,-1.25,10.062,False
Wed Feb 15 13:06:52 2017,8.812,-1.25,10.062,False
Wed Feb 15 13:07:52 2017,8.687,-1.25,9.937,False
Wed Feb 15 13:08:52 2017,8.625,-1.187,9.812,False
Wed Feb 15 13:09:52 2017,8.562,-1.187,9.749,False
Wed Feb 15 13:10:52 2017,8.5,-1.187,9.687,False
Wed Feb 15 13:11:52 2017,8.437,-1.062,9.499,False
Wed Feb 15 13:12:52 2017,8.375,-1.125,9.5,False
Wed Feb 15 13:13:52 2017,8.312,-1.0,9.312,False
Wed Feb 15 13:14:52 2017,8.25,-1.0,9.25,False
Wed Feb 15 13:15:52 2017,8.187,-0.937,9.124,False
Wed Feb 15 13:16:52 2017,8.125,-0.875,9.0,False
Wed Feb 15 13:17:52 2017,8.062,-0.75,8.812,False
Wed Feb 15 13:18:52 2017,8.0,-0.687,8.687,False
Wed Feb 15 13:19:52 2017,8.0,-0.625,8.625,False
Wed Feb 15 13:20:52 2017,7.937,-0.562,8.499,False
Wed Feb 15 13:21:52 2017,7.875,-0.437,8.312,False
Wed Feb 15 13:22:52 2017,7.875,-0.437,8.312,False
Wed Feb 15 13:23:52 2017,7.812,-0.5,8.312,False
Wed Feb 15 13:24:52 2017,7.875,-0.625,8.5,False
Wed Feb 15 13:25:52 2017,7.812,-0.687,8.499,False
Wed Feb 15 13:26:52 2017,7.875,-0.75,8.625,False
Wed Feb 15 13:27:52 2017,7.875,-0.812,8.687,False
Wed Feb 15 13:28:52 2017,7.875,-0.875,8.75,False
Wed Feb 15 13:29:52 2017,7.875,-0.875,8.75,False
Wed Feb 15 13:30:52 2017,7.875,-0.937,8.812,False
Wed Feb 15 13:31:52 2017,7.937,-0.937,8.874,False
Wed Feb 15 13:32:53 2017,7.937,-1.0,8.937,False
Wed Feb 15 13:33:53 2017,7.937,-0.937,8.874,False
Wed Feb 15 13:34:53 2017,7.937,-0.937,8.874,False
Wed Feb 15 13:35:53 2017,7.937,-1.0,8.937,False
Wed Feb 15 13:36:53 2017,7.937,-1.0,8.937,False
Wed Feb 15 13:37:53 2017,7.937,-1.0,8.937,False
Wed Feb 15 13:38:53 2017,7.937,-1.0,8.937,False
Wed Feb 15 13:39:53 2017,7.937,-1.0,8.937,False
Wed Feb 15 13:40:53 2017,7.875,-1.0,8.875,False
Wed Feb 15 13:41:53 2017,7.875,-0.937,8.812,False
Wed Feb 15 13:42:53 2017,7.875,-0.937,8.812,False
Wed Feb 15 13:43:53 2017,7.875,-0.937,8.812,False
Wed Feb 15 13:44:53 2017,7.812,-0.875,8.687,False
Wed Feb 15 13:45:53 2017,7.75,-0.875,8.625,False
Wed Feb 15 13:46:53 2017,7.75,-0.875,8.625,False
Wed Feb 15 13:47:53 2017,7.75,-0.812,8.562,False
Wed Feb 15 13:48:53 2017,7.75,-0.812,8.562,False
Wed Feb 15 13:49:53 2017,7.687,-0.875,8.562,False
Wed Feb 15 13:50:53 2017,7.687,-0.875,8.562,False
Wed Feb 15 13:51:53 2017,7.687,-0.937,8.624,False
Wed Feb 15 13:52:53 2017,7.687,-0.875,8.562,False
Wed Feb 15 13:53:53 2017,7.687,-0.875,8.562,False
Wed Feb 15 13:54:53 2017,7.625,-0.875,8.5,False
Wed Feb 15 13:55:53 2017,7.625,-0.875,8.5,False
Wed Feb 15 13:56:53 2017,7.625,-0.875,8.5,False
Wed Feb 15 13:57:53 2017,7.625,-0.875,8.5,False
Wed Feb 15 13:58:53 2017,7.562,-0.875,8.437,False
Wed Feb 15 13:59:53 2017,7.562,-0.875,8.437,False
Wed Feb 15 14:00:53 2017,7.5,-0.875,8.375,False
Wed Feb 15 14:01:53 2017,7.5,-0.875,8.375,False
Wed Feb 15 14:02:53 2017,7.5,-0.875,8.375,False
Wed Feb 15 14:03:53 2017,7.437,-0.812,8.249,False
Wed Feb 15 14:04:53 2017,7.375,-0.812,8.187,False
Wed Feb 15 14:05:53 2017,7.312,-0.812,8.124,False
Wed Feb 15 14:06:53 2017,7.312,-0.75,8.062,False
Wed Feb 15 14:07:53 2017,7.25,-0.75,8.0,False
Wed Feb 15 14:08:53 2017,7.25,-0.75,8.0,False
Wed Feb 15 14:09:53 2017,7.187,-0.812,7.999,False
Wed Feb 15 14:10:53 2017,7.187,-0.75,7.937,False
Wed Feb 15 14:11:53 2017,7.187,-0.75,7.937,False
Wed Feb 15 14:12:53 2017,7.187,-0.812,7.999,False
Wed Feb 15 14:13:53 2017,7.25,-0.875,8.125,False
Wed Feb 15 14:14:54 2017,7.312,-0.875,8.187,False
Wed Feb 15 14:15:54 2017,7.375,-0.875,8.25,False
Wed Feb 15 14:16:54 2017,7.437,-0.875,8.312,False
Wed Feb 15 14:17:54 2017,7.562,-0.875,8.437,False
Wed Feb 15 14:18:54 2017,7.562,-0.875,8.437,False
Wed Feb 15 14:19:54 2017,7.625,-0.812,8.437,False
Wed Feb 15 14:20:54 2017,7.75,-0.812,8.562,False
Wed Feb 15 14:21:54 2017,7.812,-0.812,8.624,False
Wed Feb 15 14:22:54 2017,7.875,-0.812,8.687,False
Wed Feb 15 14:23:54 2017,7.937,-0.812,8.749,False
Wed Feb 15 14:24:54 2017,8.062,-0.812,8.874,False
Wed Feb 15 14:25:54 2017,8.062,-0.812,8.874,False
Wed Feb 15 14:26:54 2017,8.125,-0.687,8.812,False
Wed Feb 15 14:27:54 2017,8.125,-0.75,8.875,False
Wed Feb 15 14:28:54 2017,8.125,-0.75,8.875,False
Wed Feb 15 14:29:54 2017,8.187,-0.75,8.937,False
Wed Feb 15 14:30:54 2017,8.187,-0.75,8.937,False
Wed Feb 15 14:31:54 2017,8.125,-0.687,8.812,False
Wed Feb 15 14:32:54 2017,8.062,-0.687,8.749,False
Wed Feb 15 14:33:54 2017,8.062,-0.687,8.749,False
Wed Feb 15 14:34:54 2017,8.0,-0.687,8.687,False
Wed Feb 15 14:35:54 2017,7.937,-0.687,8.624,False
Wed Feb 15 14:36:54 2017,7.875,-0.625,8.5,False
Wed Feb 15 14:37:54 2017,7.812,-0.625,8.437,False
Wed Feb 15 14:38:54 2017,7.812,-0.562,8.374,False
Wed Feb 15 14:39:54 2017,7.75,-0.562,8.312,False
Wed Feb 15 14:40:54 2017,7.687,-0.562,8.249,False
Wed Feb 15 14:41:54 2017,7.687,-0.562,8.249,False
Wed Feb 15 14:42:54 2017,7.625,-0.562,8.187,False
Wed Feb 15 14:43:54 2017,7.562,-0.562,8.124,False
Wed Feb 15 14:44:54 2017,7.562,-0.562,8.124,False
Wed Feb 15 14:45:54 2017,7.5,-0.562,8.062,False
Wed Feb 15 14:46:54 2017,7.437,-0.562,7.999,False
Wed Feb 15 14:47:54 2017,7.437,-0.5,7.937,False
Wed Feb 15 14:48:54 2017,7.437,-0.5,7.937,False
Wed Feb 15 14:49:54 2017,7.375,-0.5,7.875,False
Wed Feb 15 14:50:54 2017,7.375,-0.5,7.875,False
Wed Feb 15 14:51:54 2017,7.375,-0.5,7.875,False
Wed Feb 15 14:52:54 2017,7.312,-0.5,7.812,False
Wed Feb 15 14:53:54 2017,7.375,-0.5,7.875,False
Wed Feb 15 14:54:54 2017,7.312,-0.5,7.812,False
Wed Feb 15 14:55:54 2017,7.375,-0.5,7.875,False
Wed Feb 15 14:56:54 2017,7.312,-0.5,7.812,False
Wed Feb 15 14:57:54 2017,7.312,-0.5,7.812,False
Wed Feb 15 14:58:54 2017,7.312,-0.5,7.812,False
Wed Feb 15 14:59:54 2017,7.312,-0.437,7.749,False
Wed Feb 15 15:00:54 2017,7.312,-0.437,7.749,False
Wed Feb 15 15:01:54 2017,7.25,-0.437,7.687,False
Wed Feb 15 15:02:54 2017,7.187,-0.437,7.624,False
Wed Feb 15 15:03:54 2017,7.187,-0.437,7.624,False
Wed Feb 15 15:04:54 2017,7.125,-0.437,7.562,False
Wed Feb 15 15:05:54 2017,7.062,-0.437,7.499,False
Wed Feb 15 15:06:55 2017,7.062,-0.437,7.499,False
Wed Feb 15 15:07:55 2017,7.0,-0.437,7.437,False
Wed Feb 15 15:08:55 2017,6.937,-0.437,7.374,False
Wed Feb 15 15:09:55 2017,6.937,-0.437,7.374,False
Wed Feb 15 15:10:55 2017,6.875,-0.375,7.25,False
Wed Feb 15 15:11:55 2017,6.812,-0.437,7.249,False
Wed Feb 15 15:12:55 2017,6.75,-0.375,7.125,False
Wed Feb 15 15:13:55 2017,6.75,-0.375,7.125,False
Wed Feb 15 15:14:55 2017,6.687,-0.375,7.062,False
Wed Feb 15 15:15:55 2017,6.625,-0.375,7.0,False
Wed Feb 15 15:16:55 2017,6.562,-0.375,6.937,False
Wed Feb 15 15:17:55 2017,6.5,-0.375,6.875,False
Wed Feb 15 15:18:55 2017,6.437,-0.375,6.812,False
Wed Feb 15 15:19:55 2017,6.312,-0.375,6.687,False
Wed Feb 15 15:20:55 2017,6.25,-0.375,6.625,False
Wed Feb 15 15:21:55 2017,6.187,-0.375,6.562,False
Wed Feb 15 15:22:55 2017,6.062,-0.375,6.437,False
Wed Feb 15 15:23:55 2017,6.0,-0.375,6.375,False
Wed Feb 15 15:24:55 2017,5.937,-0.375,6.312,False
Wed Feb 15 15:25:55 2017,5.812,-0.375,6.187,False
Wed Feb 15 15:26:55 2017,5.75,-0.375,6.125,False
Wed Feb 15 15:27:55 2017,5.625,-0.312,5.937,False
Wed Feb 15 15:28:55 2017,5.562,-0.375,5.937,False
Wed Feb 15 15:29:55 2017,5.437,-0.375,5.812,False
Wed Feb 15 15:30:55 2017,5.375,-0.375,5.75,False
Wed Feb 15 15:31:55 2017,5.25,-0.312,5.562,False
Wed Feb 15 15:32:55 2017,5.187,-0.312,5.499,False
Wed Feb 15 15:33:55 2017,5.062,-0.312,5.374,False
Wed Feb 15 15:34:55 2017,5.0,-0.312,5.312,False
Wed Feb 15 15:35:55 2017,4.937,-0.312,5.249,False
Wed Feb 15 15:36:55 2017,4.812,-0.312,5.124,False
Wed Feb 15 15:37:55 2017,4.75,-0.312,5.062,False
Wed Feb 15 15:38:55 2017,4.625,-0.312,4.937,False
Wed Feb 15 15:39:55 2017,4.562,-0.312,4.874,False
Wed Feb 15 15:40:55 2017,4.437,-0.312,4.749,False
Wed Feb 15 15:41:55 2017,4.375,-0.312,4.687,False
Wed Feb 15 15:42:55 2017,4.25,-0.312,4.562,False
Wed Feb 15 15:43:55 2017,4.187,-0.312,4.499,False
Wed Feb 15 15:44:55 2017,4.062,-0.312,4.374,False
Wed Feb 15 15:45:55 2017,4.0,-0.312,4.312,False
Wed Feb 15 15:46:55 2017,3.937,-0.25,4.187,False
Wed Feb 15 15:47:55 2017,3.812,-0.312,4.124,False
Wed Feb 15 15:48:56 2017,3.812,-0.312,4.124,False
Wed Feb 15 15:49:56 2017,3.687,-0.312,3.999,False
Wed Feb 15 15:50:56 2017,3.625,-0.25,3.875,False
Wed Feb 15 15:51:56 2017,3.5,-0.25,3.75,False
Wed Feb 15 15:52:56 2017,3.437,-0.312,3.749,False
Wed Feb 15 15:53:56 2017,3.375,-0.25,3.625,False
Wed Feb 15 15:54:56 2017,3.25,-0.25,3.5,False
Wed Feb 15 15:55:56 2017,3.187,-0.25,3.437,False
Wed Feb 15 15:56:56 2017,3.125,-0.25,3.375,False
Wed Feb 15 15:57:56 2017,3.062,-0.25,3.312,False
Wed Feb 15 15:58:56 2017,3.0,-0.25,3.25,False
Wed Feb 15 15:59:56 2017,2.937,-0.25,3.187,False
Wed Feb 15 16:00:56 2017,2.875,-0.25,3.125,False
Wed Feb 15 16:01:56 2017,2.812,-0.25,3.062,False
Wed Feb 15 16:02:56 2017,2.75,-0.25,3.0,False
Wed Feb 15 16:03:56 2017,2.687,-0.25,2.937,False
Wed Feb 15 16:04:56 2017,2.687,-0.25,2.937,False
Wed Feb 15 16:05:56 2017,2.625,-0.25,2.875,False
Wed Feb 15 16:06:56 2017,2.562,-0.25,2.812,False
Wed Feb 15 16:07:56 2017,2.5,-0.25,2.75,False
Wed Feb 15 16:08:56 2017,2.437,-0.25,2.687,False
Wed Feb 15 16:09:56 2017,2.437,-0.25,2.687,False
Wed Feb 15 16:10:56 2017,2.375,-0.25,2.625,False
Wed Feb 15 16:11:56 2017,2.312,-0.25,2.562,False
Wed Feb 15 16:12:56 2017,2.312,-0.25,2.562,False
Wed Feb 15 16:13:56 2017,2.312,-0.25,2.562,False
Wed Feb 15 16:14:56 2017,2.25,-0.187,2.437,False
Wed Feb 15 16:15:56 2017,2.25,-0.187,2.437,False
Wed Feb 15 16:16:56 2017,2.187,-0.25,2.437,False
Wed Feb 15 16:17:56 2017,2.187,-0.25,2.437,False
Wed Feb 15 16:18:56 2017,2.125,-0.25,2.375,False
Wed Feb 15 16:19:56 2017,2.125,-0.25,2.375,False
Wed Feb 15 16:20:56 2017,2.125,-0.25,2.375,False
Wed Feb 15 16:21:56 2017,2.062,-0.187,2.249,False
Wed Feb 15 16:22:56 2017,2.062,-0.187,2.249,False
Wed Feb 15 16:23:56 2017,2.0,-0.187,2.187,False
Wed Feb 15 16:24:57 2017,2.0,-0.187,2.187,False
Wed Feb 15 16:25:57 2017,1.937,-0.187,2.124,False
Wed Feb 15 16:26:57 2017,1.937,-0.187,2.124,False
Wed Feb 15 16:27:57 2017,1.875,-0.187,2.062,False
Wed Feb 15 16:28:57 2017,1.875,-0.187,2.062,False
Wed Feb 15 16:29:57 2017,1.875,-0.187,2.062,False
Wed Feb 15 16:30:57 2017,1.812,-0.187,1.999,False
Wed Feb 15 16:31:57 2017,1.75,-0.187,1.937,False
Wed Feb 15 16:32:57 2017,1.75,-0.187,1.937,False
Wed Feb 15 16:33:57 2017,1.687,-0.187,1.874,False
Wed Feb 15 16:34:57 2017,1.687,-0.187,1.874,False
Wed Feb 15 16:35:57 2017,1.625,-0.187,1.812,False
Wed Feb 15 16:36:57 2017,1.625,-0.187,1.812,False
Wed Feb 15 16:37:57 2017,1.562,-0.187,1.749,False
Wed Feb 15 16:38:57 2017,1.562,-0.187,1.749,False
Wed Feb 15 16:39:57 2017,1.562,-0.187,1.749,False
Wed Feb 15 16:40:57 2017,1.5,-0.125,1.625,False
Wed Feb 15 16:41:57 2017,1.5,-0.187,1.687,False
Wed Feb 15 16:42:57 2017,1.437,-0.187,1.624,False
Wed Feb 15 16:43:57 2017,1.437,-0.187,1.624,False
Wed Feb 15 16:44:57 2017,1.375,-0.187,1.562,False
Wed Feb 15 16:45:57 2017,1.312,-0.187,1.499,False
Wed Feb 15 16:46:57 2017,1.312,-0.125,1.437,False
Wed Feb 15 16:47:57 2017,1.25,-0.187,1.437,False
Wed Feb 15 16:48:57 2017,1.25,-0.125,1.375,False
Wed Feb 15 16:49:57 2017,1.187,-0.187,1.374,False
Wed Feb 15 16:50:57 2017,1.187,-0.187,1.374,False
Wed Feb 15 16:51:57 2017,1.125,-0.187,1.312,False
Wed Feb 15 16:52:57 2017,1.125,-0.125,1.25,False
Wed Feb 15 16:53:57 2017,1.125,-0.187,1.312,False
Wed Feb 15 16:54:57 2017,1.125,-0.125,1.25,False
Wed Feb 15 16:55:57 2017,1.0,-0.187,1.187,False
Wed Feb 15 16:56:57 2017,1.0,-0.125,1.125,False
Wed Feb 15 16:57:57 2017,1.0,-0.125,1.125,False
Wed Feb 15 16:58:57 2017,0.937,-0.125,1.062,False
Wed Feb 15 16:59:57 2017,0.937,-0.187,1.124,False
Wed Feb 15 17:00:57 2017,0.875,-0.187,1.062,False
Wed Feb 15 17:01:57 2017,0.875,-0.187,1.062,False
Wed Feb 15 17:02:57 2017,0.875,-0.125,1.0,False
Wed Feb 15 17:03:57 2017,0.812,-0.125,0.937,False
Wed Feb 15 17:04:57 2017,0.812,-0.125,0.937,False
Wed Feb 15 17:05:57 2017,0.75,-0.125,0.875,False
Wed Feb 15 17:06:58 2017,0.75,-0.125,0.875,False
Wed Feb 15 17:07:58 2017,0.75,-0.125,0.875,False
Wed Feb 15 17:08:58 2017,0.75,-0.125,0.875,False
Wed Feb 15 17:09:58 2017,0.687,-0.125,0.812,False
Wed Feb 15 17:10:58 2017,0.687,-0.125,0.812,False
Wed Feb 15 17:11:58 2017,0.625,-0.125,0.75,False
Wed Feb 15 17:12:58 2017,0.625,-0.125,0.75,False
Wed Feb 15 17:13:58 2017,0.625,-0.125,0.75,False
Wed Feb 15 17:14:58 2017,0.562,-0.125,0.687,False
Wed Feb 15 17:15:58 2017,0.562,-0.125,0.687,False
Wed Feb 15 17:16:58 2017,0.562,-0.125,0.687,False
Wed Feb 15 17:17:58 2017,0.562,-0.125,0.687,False
Wed Feb 15 17:18:58 2017,0.562,-0.125,0.687,False
Wed Feb 15 17:19:58 2017,0.5,-0.125,0.625,False
Wed Feb 15 17:20:58 2017,0.5,-0.125,0.625,False
Wed Feb 15 17:21:58 2017,0.5,-0.125,0.625,False
Wed Feb 15 17:22:58 2017,0.5,-0.125,0.625,False
Wed Feb 15 17:23:58 2017,0.437,-0.125,0.562,False
Wed Feb 15 17:24:58 2017,0.437,-0.125,0.562,False
Wed Feb 15 17:25:58 2017,0.437,-0.125,0.562,False
Wed Feb 15 17:26:58 2017,0.437,-0.125,0.562,False
Wed Feb 15 17:27:58 2017,0.437,-0.125,0.562,False
Wed Feb 15 17:28:58 2017,0.437,-0.125,0.562,False
Wed Feb 15 17:29:58 2017,0.375,-0.125,0.5,False
Wed Feb 15 17:30:58 2017,0.375,-0.125,0.5,False
Wed Feb 15 17:31:58 2017,0.375,-0.125,0.5,False
Wed Feb 15 17:32:58 2017,0.375,-0.125,0.5,False
Wed Feb 15 17:33:58 2017,0.312,-0.125,0.437,False
Wed Feb 15 17:34:58 2017,0.312,-0.125,0.437,False
Wed Feb 15 17:35:58 2017,0.312,-0.125,0.437,False
Wed Feb 15 17:36:58 2017,0.312,-0.125,0.437,False
Wed Feb 15 17:37:58 2017,0.312,-0.125,0.437,False
Wed Feb 15 17:38:58 2017,0.312,-0.125,0.437,False
Wed Feb 15 17:39:58 2017,0.312,-0.125,0.437,False
Wed Feb 15 17:40:58 2017,0.312,-0.125,0.437,False
Wed Feb 15 17:41:58 2017,0.25,-0.125,0.375,False
Wed Feb 15 17:42:58 2017,0.25,-0.125,0.375,False
Wed Feb 15 17:43:58 2017,0.312,-0.125,0.437,False
Wed Feb 15 17:44:58 2017,0.25,-0.125,0.375,False
Wed Feb 15 17:45:58 2017,0.25,-0.125,0.375,False
Wed Feb 15 17:46:58 2017,0.25,-0.125,0.375,False
Wed Feb 15 17:47:58 2017,0.25,-0.125,0.375,False
Wed Feb 15 17:48:59 2017,0.25,-0.125,0.375,False
Wed Feb 15 17:49:59 2017,0.187,-0.187,0.374,False
Wed Feb 15 17:50:59 2017,0.187,-0.125,0.312,False
Wed Feb 15 17:51:59 2017,0.25,-0.187,0.437,False
Wed Feb 15 17:52:59 2017,0.187,-0.125,0.312,False
Wed Feb 15 17:53:59 2017,0.25,-0.125,0.375,False
Wed Feb 15 17:54:59 2017,0.187,-0.125,0.312,False
Wed Feb 15 17:55:59 2017,0.187,-0.125,0.312,False
Wed Feb 15 17:56:59 2017,0.187,-0.125,0.312,False
Wed Feb 15 17:57:59 2017,0.187,-0.125,0.312,False
Wed Feb 15 17:58:59 2017,0.187,-0.125,0.312,False
Wed Feb 15 17:59:59 2017,0.187,-0.187,0.374,False
Wed Feb 15 18:00:59 2017,0.187,-0.125,0.312,False
Wed Feb 15 18:01:59 2017,0.187,-0.125,0.312,False
Wed Feb 15 18:02:59 2017,0.187,-0.187,0.374,False
Wed Feb 15 18:03:59 2017,0.187,-0.125,0.312,False
Wed Feb 15 18:04:59 2017,0.125,-0.125,0.25,False
Wed Feb 15 18:05:59 2017,0.125,-0.125,0.25,False
Wed Feb 15 18:06:59 2017,0.125,-0.125,0.25,False
Wed Feb 15 18:07:59 2017,0.125,-0.187,0.312,False
Wed Feb 15 18:08:59 2017,0.125,-0.125,0.25,False
Wed Feb 15 18:09:59 2017,0.125,-0.187,0.312,False
Wed Feb 15 18:10:59 2017,0.125,-0.187,0.312,False
Wed Feb 15 18:11:59 2017,0.125,-0.125,0.25,False
Wed Feb 15 18:12:59 2017,0.125,-0.125,0.25,False
Wed Feb 15 18:13:59 2017,0.125,-0.187,0.312,False
Wed Feb 15 18:14:59 2017,0.125,-0.125,0.25,False
Wed Feb 15 18:15:59 2017,0.062,-0.187,0.249,False
Wed Feb 15 18:16:59 2017,0.125,-0.187,0.312,False
Wed Feb 15 18:17:59 2017,0.062,-0.187,0.249,False
Wed Feb 15 18:18:59 2017,0.062,-0.125,0.187,False
Wed Feb 15 18:19:59 2017,0.062,-0.187,0.249,False
Wed Feb 15 18:20:59 2017,0.062,-0.187,0.249,False
Wed Feb 15 18:21:59 2017,0.062,-0.187,0.249,False
Wed Feb 15 18:22:59 2017,0.062,-0.125,0.187,False
Wed Feb 15 18:23:59 2017,0.062,-0.187,0.249,False
Wed Feb 15 18:24:59 2017,0.062,-0.125,0.187,False
Wed Feb 15 18:25:59 2017,0.062,-0.187,0.249,False
Wed Feb 15 18:26:59 2017,0.062,-0.125,0.187,False
Wed Feb 15 18:27:59 2017,0.0,-0.125,0.125,False
Wed Feb 15 18:28:59 2017,0.0,-0.187,0.187,False
Wed Feb 15 18:29:59 2017,0.0,-0.187,0.187,False
Wed Feb 15 18:30:59 2017,0.0,-0.187,0.187,False
Wed Feb 15 18:31:59 2017,0.0,-0.187,0.187,False
Wed Feb 15 18:32:59 2017,0.0,-0.187,0.187,False
Wed Feb 15 18:33:59 2017,0.0,-0.187,0.187,False
Wed Feb 15 18:34:59 2017,0.0,-0.187,0.187,False
Wed Feb 15 18:35:59 2017,0.0,-0.187,0.187,False
Wed Feb 15 18:37:00 2017,0.0,-0.187,0.187,False
Wed Feb 15 18:38:00 2017,0.0,-0.125,0.125,False
Wed Feb 15 18:39:00 2017,0.0,-0.187,0.187,False
Wed Feb 15 18:40:00 2017,-0.062,-0.187,0.125,False
Wed Feb 15 18:41:00 2017,0.0,-0.187,0.187,False
Wed Feb 15 18:42:00 2017,-0.062,-0.187,0.125,False
Wed Feb 15 18:43:00 2017,-0.062,-0.187,0.125,False
Wed Feb 15 18:44:00 2017,-0.062,-0.187,0.125,False
Wed Feb 15 18:45:00 2017,-0.062,-0.187,0.125,False
Wed Feb 15 18:46:00 2017,-0.062,-0.187,0.125,False
Wed Feb 15 18:47:00 2017,-0.062,-0.187,0.125,False
Wed Feb 15 18:48:00 2017,-0.062,-0.187,0.125,False
Wed Feb 15 18:49:00 2017,-0.062,-0.187,0.125,False
Wed Feb 15 18:50:00 2017,-0.062,-0.187,0.125,False
Wed Feb 15 18:51:00 2017,-0.062,-0.187,0.125,False
Wed Feb 15 18:52:00 2017,-0.062,-0.187,0.125,False
Wed Feb 15 18:53:00 2017,-0.062,-0.187,0.125,False
Wed Feb 15 18:54:00 2017,-0.062,-0.187,0.125,False
Wed Feb 15 18:55:00 2017,-0.125,-0.187,0.062,False
Wed Feb 15 18:56:00 2017,-0.125,-0.187,0.062,False
Wed Feb 15 18:57:00 2017,-0.062,-0.187,0.125,False
Wed Feb 15 18:58:00 2017,-0.125,-0.187,0.062,False
Wed Feb 15 18:59:00 2017,-0.125,-0.187,0.062,False
Wed Feb 15 19:00:00 2017,-0.062,-0.187,0.125,False
Wed Feb 15 19:01:00 2017,-0.125,-0.187,0.062,False
Wed Feb 15 19:02:00 2017,-0.125,-0.187,0.062,False
Wed Feb 15 19:03:00 2017,-0.125,-0.187,0.062,False
Wed Feb 15 19:04:00 2017,-0.125,-0.187,0.062,False
Wed Feb 15 19:05:00 2017,-0.125,-0.187,0.062,False
Wed Feb 15 19:06:00 2017,-0.125,-0.187,0.062,False
Wed Feb 15 19:07:00 2017,-0.125,-0.187,0.062,False
Wed Feb 15 19:08:00 2017,-0.125,-0.187,0.062,False
Wed Feb 15 19:09:01 2017,-0.125,-0.187,0.062,False
Wed Feb 15 19:10:01 2017,-0.125,-0.187,0.062,False
Wed Feb 15 19:11:01 2017,-0.125,-0.187,0.062,False
Wed Feb 15 19:12:01 2017,-0.187,-0.25,0.063,False
Wed Feb 15 19:13:01 2017,-0.125,-0.187,0.062,False
Wed Feb 15 19:14:01 2017,-0.125,-0.187,0.062,False
Wed Feb 15 19:15:01 2017,-0.187,-0.187,0.0,False
Wed Feb 15 19:16:01 2017,-0.187,-0.187,0.0,False
Wed Feb 15 19:17:01 2017,-0.187,-0.187,0.0,False
Wed Feb 15 19:18:01 2017,-0.187,-0.187,0.0,False
Wed Feb 15 19:19:01 2017,-0.187,-0.25,0.063,False
Wed Feb 15 19:20:01 2017,-0.187,-0.25,0.063,False
Wed Feb 15 19:21:01 2017,-0.187,-0.25,0.063,False
Wed Feb 15 19:22:01 2017,-0.187,-0.25,0.063,False
Wed Feb 15 19:23:01 2017,-0.187,-0.25,0.063,False
Wed Feb 15 19:24:01 2017,-0.187,-0.25,0.063,False
Wed Feb 15 19:25:01 2017,-0.187,-0.187,0.0,False
Wed Feb 15 19:26:01 2017,-0.187,-0.25,0.063,False
Wed Feb 15 19:27:01 2017,-0.187,-0.25,0.063,False
Wed Feb 15 19:28:01 2017,-0.187,-0.25,0.063,False
Wed Feb 15 19:29:01 2017,-0.187,-0.25,0.063,False
Wed Feb 15 19:30:01 2017,-0.187,-0.25,0.063,False
Wed Feb 15 19:31:01 2017,-0.25,-0.25,0.0,False
Wed Feb 15 19:32:01 2017,-0.25,-0.25,0.0,False
Wed Feb 15 19:33:01 2017,-0.25,-0.25,0.0,False
Wed Feb 15 19:34:01 2017,-0.25,-0.25,0.0,False
Wed Feb 15 19:35:01 2017,-0.25,-0.25,0.0,False
Wed Feb 15 19:36:01 2017,-0.25,-0.25,0.0,False
Wed Feb 15 19:37:01 2017,-0.25,-0.25,0.0,False
Wed Feb 15 19:38:01 2017,-0.25,-0.25,0.0,False
Wed Feb 15 19:39:01 2017,-0.25,-0.25,0.0,False
Wed Feb 15 19:40:01 2017,-0.25,-0.25,0.0,False
Wed Feb 15 19:41:01 2017,-0.25,-0.25,0.0,False
Wed Feb 15 19:42:01 2017,-0.25,-0.25,0.0,False
Wed Feb 15 19:43:01 2017,-0.25,-0.25,0.0,False
Wed Feb 15 19:44:01 2017,-0.25,-0.25,0.0,False
Wed Feb 15 19:45:01 2017,-0.25,-0.25,0.0,False
Wed Feb 15 19:46:01 2017,-0.25,-0.25,0.0,False
Wed Feb 15 19:47:01 2017,-0.25,-0.25,0.0,False
Wed Feb 15 19:48:02 2017,-0.25,-0.25,0.0,False
Wed Feb 15 19:49:02 2017,-0.25,-0.25,0.0,False
Wed Feb 15 19:50:02 2017,-0.25,-0.25,0.0,False
Wed Feb 15 19:51:02 2017,-0.25,-0.25,0.0,False
Wed Feb 15 19:52:02 2017,-0.25,-0.25,0.0,False
Wed Feb 15 19:53:02 2017,-0.25,-0.25,0.0,False
Wed Feb 15 19:54:02 2017,-0.312,-0.25,0.062,False
Wed Feb 15 19:55:02 2017,-0.312,-0.25,0.062,False
Wed Feb 15 19:56:02 2017,-0.312,-0.25,0.062,False
Wed Feb 15 19:57:02 2017,-0.312,-0.25,0.062,False
Wed Feb 15 19:58:02 2017,-0.312,-0.25,0.062,False
Wed Feb 15 19:59:02 2017,-0.312,-0.25,0.062,False
Wed Feb 15 20:00:02 2017,-0.312,-0.25,0.062,False
Wed Feb 15 20:01:02 2017,-0.312,-0.25,0.062,False
Wed Feb 15 20:02:02 2017,-0.312,-0.25,0.062,False
Wed Feb 15 20:03:02 2017,-0.312,-0.25,0.062,False
Wed Feb 15 20:04:02 2017,-0.312,-0.25,0.062,False
Wed Feb 15 20:05:02 2017,-0.312,-0.25,0.062,False
Wed Feb 15 20:06:02 2017,-0.312,-0.25,0.062,False
Wed Feb 15 20:07:02 2017,-0.312,-0.312,0.0,False
Wed Feb 15 20:08:02 2017,-0.312,-0.312,0.0,False
Wed Feb 15 20:09:02 2017,-0.312,-0.312,0.0,False
Wed Feb 15 20:10:02 2017,-0.375,-0.312,0.063,False
Wed Feb 15 20:11:02 2017,-0.375,-0.312,0.063,False
Wed Feb 15 20:12:02 2017,-0.312,-0.312,0.0,False
Wed Feb 15 20:13:02 2017,-0.312,-0.312,0.0,False
Wed Feb 15 20:14:02 2017,-0.312,-0.312,0.0,False
Wed Feb 15 20:15:02 2017,-0.375,-0.312,0.063,False
Wed Feb 15 20:16:02 2017,-0.375,-0.312,0.063,False
Wed Feb 15 20:17:02 2017,-0.375,-0.312,0.063,False
Wed Feb 15 20:18:02 2017,-0.375,-0.312,0.063,False
Wed Feb 15 20:19:02 2017,-0.375,-0.312,0.063,False
Wed Feb 15 20:20:02 2017,-0.375,-0.312,0.063,False
Wed Feb 15 20:21:02 2017,-0.375,-0.312,0.063,False
Wed Feb 15 20:22:02 2017,-0.375,-0.312,0.063,False
Wed Feb 15 20:23:02 2017,-0.375,-0.312,0.063,False
Wed Feb 15 20:24:02 2017,-0.375,-0.312,0.063,False
Wed Feb 15 20:25:02 2017,-0.375,-0.312,0.063,False
Wed Feb 15 20:26:02 2017,-0.375,-0.312,0.063,False
Wed Feb 15 20:27:02 2017,-0.375,-0.312,0.063,False
Wed Feb 15 20:28:02 2017,-0.375,-0.312,0.063,False
Wed Feb 15 20:29:02 2017,-0.375,-0.312,0.063,False
Wed Feb 15 20:30:02 2017,-0.375,-0.312,0.063,False
Wed Feb 15 20:31:02 2017,-0.375,-0.312,0.063,False
Wed Feb 15 20:32:02 2017,-0.437,-0.312,0.125,False
Wed Feb 15 20:33:02 2017,-0.375,-0.312,0.063,False
Wed Feb 15 20:34:02 2017,-0.375,-0.312,0.063,False
Wed Feb 15 20:35:02 2017,-0.375,-0.312,0.063,False
Wed Feb 15 20:36:02 2017,-0.437,-0.312,0.125,False
Wed Feb 15 20:37:03 2017,-0.375,-0.312,0.063,False
Wed Feb 15 20:38:03 2017,-0.375,-0.312,0.063,False
Wed Feb 15 20:39:03 2017,-0.437,-0.312,0.125,False
Wed Feb 15 20:40:03 2017,-0.437,-0.312,0.125,False
Wed Feb 15 20:41:03 2017,-0.437,-0.312,0.125,False
Wed Feb 15 20:42:03 2017,-0.437,-0.312,0.125,False
Wed Feb 15 20:43:03 2017,-0.437,-0.312,0.125,False
Wed Feb 15 20:44:03 2017,-0.437,-0.312,0.125,False
Wed Feb 15 20:45:03 2017,-0.437,-0.312,0.125,False
Wed Feb 15 20:46:03 2017,-0.437,-0.312,0.125,False
Wed Feb 15 20:47:03 2017,-0.437,-0.312,0.125,False
Wed Feb 15 20:48:03 2017,-0.437,-0.312,0.125,False
Wed Feb 15 20:49:03 2017,-0.437,-0.312,0.125,False
Wed Feb 15 20:50:03 2017,-0.437,-0.312,0.125,False
Wed Feb 15 20:51:03 2017,-0.437,-0.312,0.125,False
Wed Feb 15 20:52:03 2017,-0.437,-0.312,0.125,False
Wed Feb 15 20:53:03 2017,-0.437,-0.312,0.125,False
Wed Feb 15 20:54:03 2017,-0.437,-0.312,0.125,False
Wed Feb 15 20:55:03 2017,-0.5,-0.312,0.188,False
Wed Feb 15 20:56:03 2017,-0.437,-0.312,0.125,False
Wed Feb 15 20:57:03 2017,-0.437,-0.312,0.125,False
Wed Feb 15 20:58:03 2017,-0.437,-0.312,0.125,False
Wed Feb 15 20:59:03 2017,-0.437,-0.312,0.125,False
Wed Feb 15 21:00:03 2017,-0.5,-0.375,0.125,False
Wed Feb 15 21:01:03 2017,-0.437,-0.312,0.125,False
Wed Feb 15 21:02:03 2017,-0.5,-0.375,0.125,False
Wed Feb 15 21:03:03 2017,-0.437,-0.312,0.125,False
Wed Feb 15 21:04:03 2017,-0.5,-0.375,0.125,False
Wed Feb 15 21:05:03 2017,-0.437,-0.312,0.125,False
Wed Feb 15 21:06:03 2017,-0.5,-0.312,0.188,False
Wed Feb 15 21:07:03 2017,-0.437,-0.312,0.125,False
Wed Feb 15 21:08:03 2017,-0.437,-0.312,0.125,False
Wed Feb 15 21:09:03 2017,-0.5,-0.312,0.188,False
Wed Feb 15 21:10:03 2017,-0.5,-0.375,0.125,False
Wed Feb 15 21:11:03 2017,-0.5,-0.312,0.188,False
Wed Feb 15 21:12:03 2017,-0.5,-0.375,0.125,False
Wed Feb 15 21:13:03 2017,-0.5,-0.375,0.125,False
Wed Feb 15 21:14:03 2017,-0.5,-0.375,0.125,False
Wed Feb 15 21:15:03 2017,-0.5,-0.375,0.125,False
Wed Feb 15 21:16:03 2017,-0.5,-0.375,0.125,False
Wed Feb 15 21:17:03 2017,-0.5,-0.375,0.125,False
Wed Feb 15 21:18:03 2017,-0.5,-0.375,0.125,False
Wed Feb 15 21:19:03 2017,-0.5,-0.375,0.125,False
Wed Feb 15 21:20:03 2017,-0.5,-0.375,0.125,False
Wed Feb 15 21:21:03 2017,-0.5,-0.375,0.125,False
Wed Feb 15 21:22:03 2017,-0.5,-0.375,0.125,False
Wed Feb 15 21:23:03 2017,-0.5,-0.312,0.188,False
Wed Feb 15 21:24:03 2017,-0.5,-0.312,0.188,False
Wed Feb 15 21:25:03 2017,-0.5,-0.375,0.125,False
Wed Feb 15 21:26:03 2017,-0.5,-0.375,0.125,False
Wed Feb 15 21:27:03 2017,-0.5,-0.375,0.125,False
Wed Feb 15 21:28:03 2017,-0.5,-0.375,0.125,False
Wed Feb 15 21:29:03 2017,-0.5,-0.375,0.125,False
Wed Feb 15 21:30:03 2017,-0.5,-0.375,0.125,False
Wed Feb 15 21:31:04 2017,-0.562,-0.375,0.187,False
Wed Feb 15 21:32:04 2017,-0.562,-0.375,0.187,False
Wed Feb 15 21:33:04 2017,-0.562,-0.375,0.187,False
Wed Feb 15 21:34:04 2017,-0.562,-0.375,0.187,False
Wed Feb 15 21:35:04 2017,-0.5,-0.375,0.125,False
Wed Feb 15 21:36:04 2017,-0.562,-0.437,0.125,False
Wed Feb 15 21:37:04 2017,-0.562,-0.375,0.187,False
Wed Feb 15 21:38:04 2017,-0.562,-0.375,0.187,False
Wed Feb 15 21:39:04 2017,-0.562,-0.375,0.187,False
Wed Feb 15 21:40:04 2017,-0.562,-0.375,0.187,False
Wed Feb 15 21:41:04 2017,-0.562,-0.375,0.187,False
Wed Feb 15 21:42:04 2017,-0.562,-0.375,0.187,False
Wed Feb 15 21:43:04 2017,-0.562,-0.375,0.187,False
Wed Feb 15 21:44:04 2017,-0.562,-0.375,0.187,False
Wed Feb 15 21:45:04 2017,-0.562,-0.375,0.187,False
Wed Feb 15 21:46:04 2017,-0.562,-0.375,0.187,False
Wed Feb 15 21:47:04 2017,-0.562,-0.375,0.187,False
Wed Feb 15 21:48:04 2017,-0.562,-0.375,0.187,False
Wed Feb 15 21:49:04 2017,-0.562,-0.375,0.187,False
Wed Feb 15 21:50:04 2017,-0.562,-0.375,0.187,False
Wed Feb 15 21:51:04 2017,-0.562,-0.375,0.187,False
Wed Feb 15 21:52:04 2017,-0.562,-0.437,0.125,False
Wed Feb 15 21:53:04 2017,-0.562,-0.375,0.187,False
Wed Feb 15 21:54:04 2017,-0.562,-0.375,0.187,False
Wed Feb 15 21:55:04 2017,-0.625,-0.437,0.188,False
Wed Feb 15 21:56:04 2017,-0.562,-0.437,0.125,False
Wed Feb 15 21:57:04 2017,-0.625,-0.437,0.188,False
Wed Feb 15 21:58:04 2017,-0.625,-0.437,0.188,False
Wed Feb 15 21:59:04 2017,-0.625,-0.437,0.188,False
Wed Feb 15 22:00:04 2017,-0.625,-0.437,0.188,False
Wed Feb 15 22:01:04 2017,-0.562,-0.375,0.187,False
Wed Feb 15 22:02:04 2017,-0.625,-0.375,0.25,False
Wed Feb 15 22:03:04 2017,-0.625,-0.375,0.25,False
Wed Feb 15 22:04:04 2017,-0.625,-0.437,0.188,False
Wed Feb 15 22:05:04 2017,-0.625,-0.437,0.188,False
Wed Feb 15 22:06:04 2017,-0.625,-0.437,0.188,False
Wed Feb 15 22:07:04 2017,-0.625,-0.375,0.25,False
Wed Feb 15 22:08:04 2017,-0.625,-0.437,0.188,False
Wed Feb 15 22:09:04 2017,-0.625,-0.437,0.188,False
Wed Feb 15 22:10:04 2017,-0.625,-0.437,0.188,False
Wed Feb 15 22:11:04 2017,-0.625,-0.437,0.188,False
Wed Feb 15 22:12:04 2017,-0.625,-0.437,0.188,False
Wed Feb 15 22:13:04 2017,-0.625,-0.437,0.188,False
Wed Feb 15 22:14:04 2017,-0.625,-0.437,0.188,False
Wed Feb 15 22:15:04 2017,-0.625,-0.437,0.188,False
Wed Feb 15 22:16:04 2017,-0.625,-0.437,0.188,False
Wed Feb 15 22:17:04 2017,-0.625,-0.437,0.188,False
Wed Feb 15 22:18:04 2017,-0.625,-0.437,0.188,False
Wed Feb 15 22:19:04 2017,-0.625,-0.437,0.188,False
Wed Feb 15 22:20:05 2017,-0.687,-0.437,0.25,False
Wed Feb 15 22:21:05 2017,-0.687,-0.437,0.25,False
Wed Feb 15 22:22:05 2017,-0.625,-0.437,0.188,False
Wed Feb 15 22:23:05 2017,-0.687,-0.437,0.25,False
Wed Feb 15 22:24:05 2017,-0.687,-0.437,0.25,False
Wed Feb 15 22:25:05 2017,-0.687,-0.437,0.25,False
Wed Feb 15 22:26:05 2017,-0.625,-0.437,0.188,False
Wed Feb 15 22:27:05 2017,-0.687,-0.437,0.25,False
Wed Feb 15 22:28:05 2017,-0.687,-0.437,0.25,False
Wed Feb 15 22:29:05 2017,-0.687,-0.437,0.25,False
Wed Feb 15 22:30:05 2017,-0.687,-0.5,0.187,False
Wed Feb 15 22:31:05 2017,-0.687,-0.437,0.25,False
Wed Feb 15 22:32:05 2017,-0.687,-0.437,0.25,False
Wed Feb 15 22:33:05 2017,-0.687,-0.5,0.187,False
Wed Feb 15 22:34:05 2017,-0.687,-0.5,0.187,False
Wed Feb 15 22:35:05 2017,-0.687,-0.437,0.25,False
Wed Feb 15 22:36:05 2017,-0.687,-0.5,0.187,False
Wed Feb 15 22:37:05 2017,-0.687,-0.5,0.187,False
Wed Feb 15 22:38:05 2017,-0.687,-0.5,0.187,False
Wed Feb 15 22:39:05 2017,-0.687,-0.5,0.187,False
Wed Feb 15 22:40:05 2017,-0.687,-0.5,0.187,False
Wed Feb 15 22:41:05 2017,-0.687,-0.5,0.187,False
Wed Feb 15 22:42:05 2017,-0.687,-0.5,0.187,False
Wed Feb 15 22:43:05 2017,-0.75,-0.5,0.25,False
Wed Feb 15 22:44:05 2017,-0.687,-0.5,0.187,False
Wed Feb 15 22:45:05 2017,-0.75,-0.5,0.25,False
Wed Feb 15 22:46:05 2017,-0.75,-0.5,0.25,False
Wed Feb 15 22:47:05 2017,-0.687,-0.5,0.187,False
Wed Feb 15 22:48:05 2017,-0.75,-0.5,0.25,False
Wed Feb 15 22:49:05 2017,-0.687,-0.437,0.25,False
Wed Feb 15 22:50:05 2017,-0.75,-0.5,0.25,False
Wed Feb 15 22:51:05 2017,-0.687,-0.5,0.187,False
Wed Feb 15 22:52:05 2017,-0.75,-0.5,0.25,False
Wed Feb 15 22:53:05 2017,-0.75,-0.5,0.25,False
Wed Feb 15 22:54:05 2017,-0.75,-0.5,0.25,False
Wed Feb 15 22:55:05 2017,-0.687,-0.5,0.187,False
Wed Feb 15 22:56:05 2017,-0.75,-0.5,0.25,False
Wed Feb 15 22:57:05 2017,-0.75,-0.5,0.25,False
Wed Feb 15 22:58:05 2017,-0.75,-0.5,0.25,False
Wed Feb 15 22:59:05 2017,-0.75,-0.5,0.25,False
Wed Feb 15 23:00:05 2017,-0.75,-0.5,0.25,False
Wed Feb 15 23:01:05 2017,-0.75,-0.5,0.25,False
Wed Feb 15 23:02:05 2017,-0.75,-0.5,0.25,False
Wed Feb 15 23:03:05 2017,-0.75,-0.5,0.25,False
Wed Feb 15 23:04:05 2017,-0.75,-0.5,0.25,False
Wed Feb 15 23:05:05 2017,-0.75,-0.5,0.25,False
Wed Feb 15 23:06:05 2017,-0.75,-0.5,0.25,False
Wed Feb 15 23:07:06 2017,-0.75,-0.5,0.25,False
Wed Feb 15 23:08:06 2017,-0.75,-0.5,0.25,False
Wed Feb 15 23:09:06 2017,-0.812,-0.5,0.312,False
Wed Feb 15 23:10:06 2017,-0.75,-0.5,0.25,False
Wed Feb 15 23:11:06 2017,-0.75,-0.5,0.25,False
Wed Feb 15 23:12:06 2017,-0.75,-0.5,0.25,False
Wed Feb 15 23:13:06 2017,-0.75,-0.5,0.25,False
Wed Feb 15 23:14:06 2017,-0.812,-0.562,0.25,False
Wed Feb 15 23:15:06 2017,-0.812,-0.562,0.25,False
Wed Feb 15 23:16:06 2017,-0.75,-0.5,0.25,False
Wed Feb 15 23:17:06 2017,-0.75,-0.5,0.25,False
Wed Feb 15 23:18:06 2017,-0.812,-0.562,0.25,False
Wed Feb 15 23:19:06 2017,-0.812,-0.5,0.312,False
Wed Feb 15 23:20:06 2017,-0.812,-0.562,0.25,False
Wed Feb 15 23:21:06 2017,-0.812,-0.562,0.25,False
Wed Feb 15 23:22:06 2017,-0.812,-0.562,0.25,False
Wed Feb 15 23:23:06 2017,-0.812,-0.5,0.312,False
Wed Feb 15 23:24:06 2017,-0.812,-0.5,0.312,False
Wed Feb 15 23:25:06 2017,-0.812,-0.5,0.312,False
Wed Feb 15 23:26:06 2017,-0.812,-0.5,0.312,False
Wed Feb 15 23:27:06 2017,-0.812,-0.562,0.25,False
Wed Feb 15 23:28:06 2017,-0.812,-0.562,0.25,False
Wed Feb 15 23:29:06 2017,-0.812,-0.562,0.25,False
Wed Feb 15 23:30:06 2017,-0.812,-0.5,0.312,False
Wed Feb 15 23:31:06 2017,-0.812,-0.562,0.25,False
Wed Feb 15 23:32:06 2017,-0.812,-0.562,0.25,False
Wed Feb 15 23:33:06 2017,-0.812,-0.562,0.25,False
Wed Feb 15 23:34:06 2017,-0.812,-0.562,0.25,False
Wed Feb 15 23:35:06 2017,-0.812,-0.562,0.25,False
Wed Feb 15 23:36:06 2017,-0.875,-0.562,0.313,False
Wed Feb 15 23:37:06 2017,-0.812,-0.562,0.25,False
Wed Feb 15 23:38:06 2017,-0.812,-0.562,0.25,False
Wed Feb 15 23:39:06 2017,-0.812,-0.562,0.25,False
Wed Feb 15 23:40:06 2017,-0.812,-0.562,0.25,False
Wed Feb 15 23:41:06 2017,-0.812,-0.562,0.25,False
Wed Feb 15 23:42:06 2017,-0.812,-0.562,0.25,False
Wed Feb 15 23:43:06 2017,-0.812,-0.562,0.25,False
Wed Feb 15 23:44:06 2017,-0.812,-0.562,0.25,False
Wed Feb 15 23:45:06 2017,-0.812,-0.562,0.25,False
Wed Feb 15 23:46:06 2017,-0.812,-0.562,0.25,False
Wed Feb 15 23:47:06 2017,-0.812,-0.562,0.25,False
Wed Feb 15 23:48:06 2017,-0.875,-0.562,0.313,False
Wed Feb 15 23:49:06 2017,-0.875,-0.562,0.313,False
Wed Feb 15 23:50:06 2017,-0.875,-0.562,0.313,False
Wed Feb 15 23:51:07 2017,-0.875,-0.562,0.313,False
Wed Feb 15 23:52:07 2017,-0.875,-0.562,0.313,False
Wed Feb 15 23:53:07 2017,-0.875,-0.562,0.313,False
Wed Feb 15 23:54:07 2017,-0.875,-0.562,0.313,False
Wed Feb 15 23:55:07 2017,-0.875,-0.562,0.313,False
Wed Feb 15 23:56:07 2017,-0.875,-0.562,0.313,False
Wed Feb 15 23:57:07 2017,-0.875,-0.562,0.313,False
Wed Feb 15 23:58:07 2017,-0.875,-0.625,0.25,False
Wed Feb 15 23:59:07 2017,-0.875,-0.562,0.313,False
